iceberg_id,input_timestamp,horizon_hours,predicted_latitude,predicted_longitude,predicted_dx_m,predicted_dy_m,selected_model,fallback_used,prediction_quality
a23a,2026-03-31,24.0,-48.36442216271618,-29.938935157858417,3193.0156209841084,4543.188091357063,Physics B,False,nominal
a23a,2026-03-31,72.0,-48.326476852459095,-29.816987106844643,9579.046862952326,13629.564274071188,Physics B,False,nominal
a23a,2026-03-31,168.0,-48.2500966226311,-29.573818863820478,22351.10934688876,31802.31663949944,Physics B,False,nominal
a23a,2026-03-31,240.0,-48.19238559466374,-29.392080999450005,31930.156209841087,45431.880913570625,Physics B,False,nominal
a23a,2026-03-31,720.0,-47.79848523559098,-28.194562710396266,95790.46862952325,136295.6427407119,Physics B,False,nominal
a63,2021-11-08,24.0,-63.09094486404055,-50.71822268259418,-144.1509967662889,4483.500052837268,Physics B,False,nominal
a63,2021-11-08,72.0,-63.03940897461152,-50.588387996254674,-432.45299029886667,13450.500158511806,Physics B,False,nominal
a63,2021-11-08,168.0,-62.935971182562504,-50.33025902054749,-1009.0569773640223,31384.50036986088,Physics B,False,nominal
a63,2021-11-08,240.0,-62.85807606907381,-50.138003279641346,-1441.509967662889,44835.000528372686,Physics B,False,nominal
a63,2021-11-08,720.0,-62.332061870211945,-48.88521601699092,-4324.529902988666,134505.00158511807,Physics B,False,nominal
a64,2021-12-31,24.0,-67.03333333333333,-59.6,0.0,0.0,Persistence,False,nominal
a64,2021-12-31,72.0,-67.03333333333333,-59.6,0.0,0.0,Persistence,False,nominal
a64,2021-12-31,168.0,-67.03333333333333,-59.6,0.0,0.0,Persistence,False,nominal
a64,2021-12-31,240.0,-67.03333333333333,-59.6,0.0,0.0,Persistence,False,nominal
a64,2021-12-31,720.0,-67.03333333333333,-59.6,0.0,0.0,Persistence,False,nominal
a68a,2021-04-21,24.0,-52.65,-33.0,0.0,0.0,persistence_fallback,True,degraded
a68a,2021-04-21,72.0,-52.65,-33.0,0.0,0.0,persistence_fallback,True,degraded
a68a,2021-04-21,168.0,-52.65,-33.0,0.0,0.0,persistence_fallback,True,degraded
a68a,2021-04-21,240.0,-52.65,-33.0,0.0,0.0,persistence_fallback,True,degraded
a68a,2021-04-21,720.0,-52.65,-33.0,0.0,0.0,persistence_fallback,True,degraded
a68d,2021-01-29,24.0,-55.35,-34.9,0.0,0.0,persistence_fallback,True,degraded
a68d,2021-01-29,72.0,-55.35,-34.9,0.0,0.0,persistence_fallback,True,degraded
a68d,2021-01-29,168.0,-55.35,-34.9,0.0,0.0,persistence_fallback,True,degraded
a68d,2021-01-29,240.0,-55.35,-34.9,0.0,0.0,persistence_fallback,True,degraded
a68d,2021-01-29,720.0,-55.35,-34.9,0.0,0.0,persistence_fallback,True,degraded
a68e,2021-02-20,24.0,-53.36666666666667,-38.583333333333336,0.0,0.0,persistence_fallback,True,degraded
a68e,2021-02-20,72.0,-53.36666666666667,-38.583333333333336,0.0,0.0,persistence_fallback,True,degraded
a68e,2021-02-20,168.0,-53.36666666666667,-38.583333333333336,0.0,0.0,persistence_fallback,True,degraded
a68e,2021-02-20,240.0,-53.36666666666667,-38.583333333333336,0.0,0.0,persistence_fallback,True,degraded
a68e,2021-02-20,720.0,-53.36666666666667,-38.583333333333336,0.0,0.0,persistence_fallback,True,degraded
a68g,2021-03-12,24.0,-55.46666666666667,-36.0,0.0,0.0,persistence_fallback,True,degraded
a68g,2021-03-12,72.0,-55.46666666666667,-36.0,0.0,0.0,persistence_fallback,True,degraded
a68g,2021-03-12,168.0,-55.46666666666667,-36.0,0.0,0.0,persistence_fallback,True,degraded
a68g,2021-03-12,240.0,-55.46666666666667,-36.0,0.0,0.0,persistence_fallback,True,degraded
a68g,2021-03-12,720.0,-55.46666666666667,-36.0,0.0,0.0,persistence_fallback,True,degraded
a68h,2021-03-13,24.0,-52.96666666666667,-36.4,0.0,0.0,persistence_fallback,True,degraded
a68h,2021-03-13,72.0,-52.96666666666667,-36.4,0.0,0.0,persistence_fallback,True,degraded
a68h,2021-03-13,168.0,-52.96666666666667,-36.4,0.0,0.0,persistence_fallback,True,degraded
a68h,2021-03-13,240.0,-52.96666666666667,-36.4,0.0,0.0,persistence_fallback,True,degraded
a68h,2021-03-13,720.0,-52.96666666666667,-36.4,0.0,0.0,persistence_fallback,True,degraded
a68i,2021-02-19,24.0,-52.666666666666664,-35.81666666666667,0.0,0.0,persistence_fallback,True,degraded
a68i,2021-02-19,72.0,-52.666666666666664,-35.81666666666667,0.0,0.0,persistence_fallback,True,degraded
a68i,2021-02-19,168.0,-52.666666666666664,-35.81666666666667,0.0,0.0,persistence_fallback,True,degraded
a68i,2021-02-19,240.0,-52.666666666666664,-35.81666666666667,0.0,0.0,persistence_fallback,True,degraded
a68i,2021-02-19,720.0,-52.666666666666664,-35.81666666666667,0.0,0.0,persistence_fallback,True,degraded
a68j,2021-03-13,24.0,-53.71666666666667,-36.0,0.0,0.0,persistence_fallback,True,degraded
a68j,2021-03-13,72.0,-53.71666666666667,-36.0,0.0,0.0,persistence_fallback,True,degraded
a68j,2021-03-13,168.0,-53.71666666666667,-36.0,0.0,0.0,persistence_fallback,True,degraded
a68j,2021-03-13,240.0,-53.71666666666667,-36.0,0.0,0.0,persistence_fallback,True,degraded
a68j,2021-03-13,720.0,-53.71666666666667,-36.0,0.0,0.0,persistence_fallback,True,degraded
a68k,2021-02-12,24.0,-56.46666666666667,-35.983333333333334,0.0,0.0,persistence_fallback,True,degraded
a68k,2021-02-12,72.0,-56.46666666666667,-35.983333333333334,0.0,0.0,persistence_fallback,True,degraded
a68k,2021-02-12,168.0,-56.46666666666667,-35.983333333333334,0.0,0.0,persistence_fallback,True,degraded
a68k,2021-02-12,240.0,-56.46666666666667,-35.983333333333334,0.0,0.0,persistence_fallback,True,degraded
a68k,2021-02-12,720.0,-56.46666666666667,-35.983333333333334,0.0,0.0,persistence_fallback,True,degraded
a68l,2021-02-06,24.0,-56.96666666666667,-34.71666666666667,0.0,0.0,persistence_fallback,True,degraded
a68l,2021-02-06,72.0,-56.96666666666667,-34.71666666666667,0.0,0.0,persistence_fallback,True,degraded
a68l,2021-02-06,168.0,-56.96666666666667,-34.71666666666667,0.0,0.0,persistence_fallback,True,degraded
a68l,2021-02-06,240.0,-56.96666666666667,-34.71666666666667,0.0,0.0,persistence_fallback,True,degraded
a68l,2021-02-06,720.0,-56.96666666666667,-34.71666666666667,0.0,0.0,persistence_fallback,True,degraded
a68m,2021-03-12,24.0,-56.6,-36.05,0.0,0.0,persistence_fallback,True,degraded
a68m,2021-03-12,72.0,-56.6,-36.05,0.0,0.0,persistence_fallback,True,degraded
a68m,2021-03-12,168.0,-56.6,-36.05,0.0,0.0,persistence_fallback,True,degraded
a68m,2021-03-12,240.0,-56.6,-36.05,0.0,0.0,persistence_fallback,True,degraded
a68m,2021-03-12,720.0,-56.6,-36.05,0.0,0.0,persistence_fallback,True,degraded
a68n,2021-02-20,24.0,-56.0,-35.85,0.0,0.0,Persistence,False,nominal
a68n,2021-02-20,72.0,-56.0,-35.85,0.0,0.0,Persistence,False,nominal
a68n,2021-02-20,168.0,-56.0,-35.85,0.0,0.0,Persistence,False,nominal
a68n,2021-02-20,240.0,-56.0,-35.85,0.0,0.0,Persistence,False,nominal
a68n,2021-02-20,720.0,-56.0,-35.85,0.0,0.0,Persistence,False,nominal
a68o,2021-02-15,24.0,-56.05,-35.56666666666667,0.0,0.0,Persistence,False,nominal
a68o,2021-02-15,72.0,-56.05,-35.56666666666667,0.0,0.0,Persistence,False,nominal
a68o,2021-02-15,168.0,-56.05,-35.56666666666667,0.0,0.0,Persistence,False,nominal
a68o,2021-02-15,240.0,-56.05,-35.56666666666667,0.0,0.0,Persistence,False,nominal
a68o,2021-02-15,720.0,-56.05,-35.56666666666667,0.0,0.0,Persistence,False,nominal
a68p,2021-02-20,24.0,-56.1,-35.416666666666664,0.0,0.0,Persistence,False,nominal
a68p,2021-02-20,72.0,-56.1,-35.416666666666664,0.0,0.0,Persistence,False,nominal
a68p,2021-02-20,168.0,-56.1,-35.416666666666664,0.0,0.0,Persistence,False,nominal
a68p,2021-02-20,240.0,-56.1,-35.416666666666664,0.0,0.0,Persistence,False,nominal
a68p,2021-02-20,720.0,-56.1,-35.416666666666664,0.0,0.0,Persistence,False,nominal
a69a,2021-12-31,24.0,-66.98333333333333,-59.15,0.0,0.0,Persistence,False,nominal
a69a,2021-12-31,72.0,-66.98333333333333,-59.15,0.0,0.0,Persistence,False,nominal
a69a,2021-12-31,168.0,-66.98333333333333,-59.15,0.0,0.0,Persistence,False,nominal
a69a,2021-12-31,240.0,-66.98333333333333,-59.15,0.0,0.0,Persistence,False,nominal
a69a,2021-12-31,720.0,-66.98333333333333,-59.15,0.0,0.0,Persistence,False,nominal
a69b,2021-12-31,24.0,-66.5,-58.95,0.0,0.0,Persistence,False,nominal
a69b,2021-12-31,72.0,-66.5,-58.95,0.0,0.0,Persistence,False,nominal
a69b,2021-12-31,168.0,-66.5,-58.95,0.0,0.0,Persistence,False,nominal
a69b,2021-12-31,240.0,-66.5,-58.95,0.0,0.0,Persistence,False,nominal
a69b,2021-12-31,720.0,-66.5,-58.95,0.0,0.0,Persistence,False,nominal
a69c,2021-12-31,24.0,-66.7,-59.18333333333333,0.0,0.0,Persistence,False,nominal
a69c,2021-12-31,72.0,-66.7,-59.18333333333333,0.0,0.0,Persistence,False,nominal
a69c,2021-12-31,168.0,-66.7,-59.18333333333333,0.0,0.0,Persistence,False,nominal
a69c,2021-12-31,240.0,-66.7,-59.18333333333333,0.0,0.0,Persistence,False,nominal
a69c,2021-12-31,720.0,-66.7,-59.18333333333333,0.0,0.0,Persistence,False,nominal
a70,2021-12-31,24.0,-67.05,-60.4,0.0,0.0,Persistence,False,nominal
a70,2021-12-31,72.0,-67.05,-60.4,0.0,0.0,Persistence,False,nominal
a70,2021-12-31,168.0,-67.05,-60.4,0.0,0.0,Persistence,False,nominal
a70,2021-12-31,240.0,-67.05,-60.4,0.0,0.0,Persistence,False,nominal
a70,2021-12-31,720.0,-67.05,-60.4,0.0,0.0,Persistence,False,nominal
a71,2021-06-06,24.0,-68.8674064984594,-60.25615739704486,-1007.0530181350439,1842.6186885388481,Physics B,False,nominal
a71,2021-06-06,72.0,-68.83554129426777,-60.20193096843794,-3021.159054405132,5527.856065616545,Physics B,False,nominal
a71,2021-06-06,168.0,-68.7717650816682,-60.093977529792454,-7049.371126945307,12898.330819771936,Physics B,False,nominal
a71,2021-06-06,240.0,-68.72389321635671,-60.013446804590295,-10070.53018135044,18426.18688538848,Physics B,False,nominal
a71,2021-06-06,720.0,-68.40390174604036,-59.485919137027125,-30211.590544051316,55278.56065616544,Physics B,False,nominal
a72,2021-02-20,24.0,-69.5,-60.81666666666667,0.0,0.0,Persistence,False,nominal
a72,2021-02-20,72.0,-69.5,-60.81666666666667,0.0,0.0,Persistence,False,nominal
a72,2021-02-20,168.0,-69.5,-60.81666666666667,0.0,0.0,Persistence,False,nominal
a72,2021-02-20,240.0,-69.5,-60.81666666666667,0.0,0.0,Persistence,False,nominal
a72,2021-02-20,720.0,-69.5,-60.81666666666667,0.0,0.0,Persistence,False,nominal
a73,2021-03-10,24.0,-68.73216762054557,-60.10182531993558,-1773.5722862280847,933.9796791876212,Physics B,False,nominal
a73,2021-03-10,72.0,-68.69650580878059,-60.105466587315526,-5320.7168586842545,2801.9390375628636,Physics B,False,nominal
a73,2021-03-10,168.0,-68.62519399651191,-60.11271185582619,-12415.006003596594,6537.857754313349,Physics B,False,nominal
a73,2021-03-10,240.0,-68.57172049765074,-60.118113448782026,-17735.722862280847,9339.796791876212,Physics B,False,nominal
a73,2021-03-10,720.0,-68.21545911419084,-60.153431265817254,-53207.16858684255,28019.390375628638,Physics B,False,nominal
a74,2021-12-31,24.0,-77.48333333333333,-37.2,0.0,0.0,Persistence,False,nominal
a74,2021-12-31,72.0,-77.48333333333333,-37.2,0.0,0.0,Persistence,False,nominal
a74,2021-12-31,168.0,-77.48333333333333,-37.2,0.0,0.0,Persistence,False,nominal
a74,2021-12-31,240.0,-77.48333333333333,-37.2,0.0,0.0,Persistence,False,nominal
a74,2021-12-31,720.0,-77.48333333333333,-37.2,0.0,0.0,Persistence,False,nominal
a74a,2026-04-03,24.0,-58.140611234399344,-18.82656416995944,324.47035441429006,-2853.518099994985,Physics B,False,nominal
a74a,2026-04-03,72.0,-58.18850593033879,-18.846406181700598,973.4110632428701,-8560.554299984953,Physics B,False,nominal
a74a,2026-04-03,168.0,-58.28431745064565,-18.88627925405479,2271.29248090003,-19974.62669996489,Physics B,False,nominal
a74a,2026-04-03,240.0,-58.35619532493557,-18.91635064176884,3244.7035441429002,-28535.180999949847,Physics B,False,nominal
a74a,2026-04-03,720.0,-58.8357939063637,-19.120553868897563,9734.110632428701,-85605.54299984954,Physics B,False,nominal
a74b,2023-08-19,24.0,-70.63520254759165,-54.550607002165236,-286.0845185481164,2449.0825009654814,Physics B,False,nominal
a74b,2023-08-19,72.0,-70.60556723994371,-54.45205148382092,-858.2535556443493,7347.2475028964445,Physics B,False,nominal
a74b,2023-08-19,168.0,-70.54613599503722,-54.25585937393787,-2002.5916298368147,17143.57750675837,Physics B,False,nominal
a74b,2023-08-19,240.0,-70.50142310915786,-54.109515987939524,-2860.845185481164,24490.825009654814,Physics B,False,nominal
a74b,2023-08-19,720.0,-70.20035365062972,-53.15120983519162,-8582.535556443492,73472.47502896444,Physics B,False,nominal
a75,2021-06-17,24.0,-70.3893953503717,-60.1594313461221,-2819.8046464665194,1209.9655028653299,Physics B,False,nominal
a75,2021-06-17,72.0,-70.33485763875183,-60.178214076314745,-8459.413939399557,3629.89650859599,Physics B,False,nominal
a75,2021-06-17,168.0,-70.22580204066001,-60.21546282058041,-19738.632525265635,8469.75852005731,Physics B,False,nominal
a75,2021-06-17,240.0,-70.1440278469277,-60.243125726903685,-28198.046464665193,12099.6550286533,Physics B,False,nominal
a75,2021-06-17,720.0,-69.59926016543884,-60.421770224964824,-84594.13939399559,36298.9650859599,Physics B,False,nominal
a76,2021-05-23,24.0,-75.15,-59.05,0.0,0.0,Persistence,False,nominal
a76,2021-05-23,72.0,-75.15,-59.05,0.0,0.0,Persistence,False,nominal
a76,2021-05-23,168.0,-75.15,-59.05,0.0,0.0,Persistence,False,nominal
a76,2021-05-23,240.0,-75.15,-59.05,0.0,0.0,Persistence,False,nominal
a76,2021-05-23,720.0,-75.15,-59.05,0.0,0.0,Persistence,False,nominal
a76a,2023-08-13,24.0,-51.83213482486195,-38.84046592317735,-20355.89284274935,4555.595025206005,Physics B,False,nominal
a76a,2023-08-13,72.0,-51.56242157173726,-39.18413589597156,-61067.67852824805,13666.785075618014,Physics B,False,nominal
a76a,2023-08-13,168.0,-51.02052567033649,-39.85608749953842,-142491.24989924545,31889.165176442035,Physics B,False,nominal
a76a,2023-08-13,240.0,-50.61208384686114,-40.34694625530289,-203558.9284274935,45555.95025206005,Physics B,False,nominal
a76a,2023-08-13,720.0,-47.85340356543757,-43.35461543069244,-610676.7852824804,136667.85075618015,Physics B,False,nominal
a76b,2023-08-19,24.0,-65.56666666666666,-59.4,0.0,0.0,Persistence,False,nominal
a76b,2023-08-19,72.0,-65.56666666666666,-59.4,0.0,0.0,Persistence,False,nominal
a76b,2023-08-19,168.0,-65.56666666666666,-59.4,0.0,0.0,Persistence,False,nominal
a76b,2023-08-19,240.0,-65.56666666666666,-59.4,0.0,0.0,Persistence,False,nominal
a76b,2023-08-19,720.0,-65.56666666666666,-59.4,0.0,0.0,Persistence,False,nominal
a76c,2026-08-16,24.0,-52.842936778327456,-30.436204980450253,3520.1300664576434,-1601.827819047963,Physics B,False,nominal
a76c,2026-08-16,72.0,-52.89545927289179,-30.375143029906823,10560.39019937293,-4805.483457143889,Physics B,False,nominal
a76c,2026-08-16,168.0,-53.00043254393372,-30.252462355717398,24640.910465203502,-11212.79473333574,Physics B,False,nominal
a76c,2026-08-16,240.0,-53.079098835046416,-30.159961892690745,35201.30066457643,-16018.27819047963,Physics B,False,nominal
a76c,2026-08-16,720.0,-53.602085490137526,-29.53237457218591,105603.9019937293,-48054.83457143889,Physics B,False,nominal
a76d,2023-08-19,24.0,-52.31666666666667,-40.983333333333334,0.0,0.0,Persistence,False,nominal
a76d,2023-08-19,72.0,-52.31666666666667,-40.983333333333334,0.0,0.0,Persistence,False,nominal
a76d,2023-08-19,168.0,-52.31666666666667,-40.983333333333334,0.0,0.0,Persistence,False,nominal
a76d,2023-08-19,240.0,-52.31666666666667,-40.983333333333334,0.0,0.0,Persistence,False,nominal
a76d,2023-08-19,720.0,-52.31666666666667,-40.983333333333334,0.0,0.0,Persistence,False,nominal
a76f,2023-08-19,24.0,-53.65,-36.333333333333336,0.0,0.0,persistence_fallback,True,degraded
a76f,2023-08-19,72.0,-53.65,-36.333333333333336,0.0,0.0,persistence_fallback,True,degraded
a76f,2023-08-19,168.0,-53.65,-36.333333333333336,0.0,0.0,persistence_fallback,True,degraded
a76f,2023-08-19,240.0,-53.65,-36.333333333333336,0.0,0.0,persistence_fallback,True,degraded
a76f,2023-08-19,720.0,-53.65,-36.333333333333336,0.0,0.0,persistence_fallback,True,degraded
a76g,2023-08-19,24.0,-54.28333333333333,-40.53333333333333,0.0,0.0,persistence_fallback,True,degraded
a76g,2023-08-19,72.0,-54.28333333333333,-40.53333333333333,0.0,0.0,persistence_fallback,True,degraded
a76g,2023-08-19,168.0,-54.28333333333333,-40.53333333333333,0.0,0.0,persistence_fallback,True,degraded
a76g,2023-08-19,240.0,-54.28333333333333,-40.53333333333333,0.0,0.0,persistence_fallback,True,degraded
a76g,2023-08-19,720.0,-54.28333333333333,-40.53333333333333,0.0,0.0,persistence_fallback,True,degraded
a76h,2023-08-19,24.0,-52.95,-38.416666666666664,0.0,0.0,persistence_fallback,True,degraded
a76h,2023-08-19,72.0,-52.95,-38.416666666666664,0.0,0.0,persistence_fallback,True,degraded
a76h,2023-08-19,168.0,-52.95,-38.416666666666664,0.0,0.0,persistence_fallback,True,degraded
a76h,2023-08-19,240.0,-52.95,-38.416666666666664,0.0,0.0,persistence_fallback,True,degraded
a76h,2023-08-19,720.0,-52.95,-38.416666666666664,0.0,0.0,persistence_fallback,True,degraded
a76k,2023-08-19,24.0,-54.6,-38.7,0.0,0.0,persistence_fallback,True,degraded
a76k,2023-08-19,72.0,-54.6,-38.7,0.0,0.0,persistence_fallback,True,degraded
a76k,2023-08-19,168.0,-54.6,-38.7,0.0,0.0,persistence_fallback,True,degraded
a76k,2023-08-19,240.0,-54.6,-38.7,0.0,0.0,persistence_fallback,True,degraded
a76k,2023-08-19,720.0,-54.6,-38.7,0.0,0.0,persistence_fallback,True,degraded
a76l,2023-08-01,24.0,-53.583333333333336,-39.15,0.0,0.0,Persistence,False,nominal
a76l,2023-08-01,72.0,-53.583333333333336,-39.15,0.0,0.0,Persistence,False,nominal
a76l,2023-08-01,168.0,-53.583333333333336,-39.15,0.0,0.0,Persistence,False,nominal
a76l,2023-08-01,240.0,-53.583333333333336,-39.15,0.0,0.0,Persistence,False,nominal
a76l,2023-08-01,720.0,-53.583333333333336,-39.15,0.0,0.0,Persistence,False,nominal
a76m,2023-08-01,24.0,-53.233333333333334,-38.45,0.0,0.0,Persistence,False,nominal
a76m,2023-08-01,72.0,-53.233333333333334,-38.45,0.0,0.0,Persistence,False,nominal
a76m,2023-08-01,168.0,-53.233333333333334,-38.45,0.0,0.0,Persistence,False,nominal
a76m,2023-08-01,240.0,-53.233333333333334,-38.45,0.0,0.0,Persistence,False,nominal
a76m,2023-08-01,720.0,-53.233333333333334,-38.45,0.0,0.0,Persistence,False,nominal
a77,2025-11-01,24.0,-56.942256885134796,-41.861006081515086,-50.930092007476794,3818.0217859755776,Physics B,False,nominal
a77,2025-11-01,72.0,-56.89340287134765,-41.7832004026397,-152.7902760224304,11454.065357926733,Physics B,False,nominal
a77,2025-11-01,168.0,-56.79555817916906,-41.6283147127776,-356.51064405233757,26726.152501829045,Physics B,False,nominal
a77,2025-11-01,240.0,-56.7220563517078,-41.51278207825257,-509.30092007476793,38180.21785975578,Physics B,False,nominal
a77,2025-11-01,720.0,-56.22953492679287,-40.75618336340973,-1527.9027602243038,114540.65357926732,Physics B,False,nominal
a78,2023-08-19,24.0,-63.20711764316608,-38.71402992700794,2926.980312656288,6203.65906398826,Physics B,False,nominal
a78,2023-08-19,72.0,-63.15435922884592,-38.476149774291784,8780.940937968864,18610.97719196478,Physics B,False,nominal
a78,2023-08-19,168.0,-63.04754487115326,-38.003303862749526,20488.862188594016,43425.613447917814,Physics B,False,nominal
a78,2023-08-19,240.0,-62.96631070390782,-37.651227508266985,29269.80312656288,62036.5906398826,Physics B,False,nominal
a78,2023-08-19,720.0,-62.400926159333736,-35.36047535963958,87809.40937968864,186109.77191964778,Physics B,False,nominal
a80a,2025-09-03,24.0,-61.38333333333333,-54.18333333333333,0.0,0.0,Persistence,False,nominal
a80a,2025-09-03,72.0,-61.38333333333333,-54.18333333333333,0.0,0.0,Persistence,False,nominal
a80a,2025-09-03,168.0,-61.38333333333333,-54.18333333333333,0.0,0.0,Persistence,False,nominal
a80a,2025-09-03,240.0,-61.38333333333333,-54.18333333333333,0.0,0.0,Persistence,False,nominal
a80a,2025-09-03,720.0,-61.38333333333333,-54.18333333333333,0.0,0.0,Persistence,False,nominal
a80d,2023-08-19,24.0,-66.63333333333334,-57.916666666666664,0.0,0.0,Persistence,False,nominal
a80d,2023-08-19,72.0,-66.63333333333334,-57.916666666666664,0.0,0.0,Persistence,False,nominal
a80d,2023-08-19,168.0,-66.63333333333334,-57.916666666666664,0.0,0.0,Persistence,False,nominal
a80d,2023-08-19,240.0,-66.63333333333334,-57.916666666666664,0.0,0.0,Persistence,False,nominal
a80d,2023-08-19,720.0,-66.63333333333334,-57.916666666666664,0.0,0.0,Persistence,False,nominal
a81,2026-08-16,24.0,-59.05,-51.18333333333333,0.0,0.0,Persistence,False,nominal
a81,2026-08-16,72.0,-59.05,-51.18333333333333,0.0,0.0,Persistence,False,nominal
a81,2026-08-16,168.0,-59.05,-51.18333333333333,0.0,0.0,Persistence,False,nominal
a81,2026-08-16,240.0,-59.05,-51.18333333333333,0.0,0.0,Persistence,False,nominal
a81,2026-08-16,720.0,-59.05,-51.18333333333333,0.0,0.0,Persistence,False,nominal
a82,2026-05-28,24.0,-68.81666666666666,-90.61666666666666,0.0,0.0,Persistence,False,nominal
a82,2026-05-28,72.0,-68.81666666666666,-90.61666666666666,0.0,0.0,Persistence,False,nominal
a82,2026-05-28,168.0,-68.81666666666666,-90.61666666666666,0.0,0.0,Persistence,False,nominal
a82,2026-05-28,240.0,-68.81666666666666,-90.61666666666666,0.0,0.0,Persistence,False,nominal
a82,2026-05-28,720.0,-68.81666666666666,-90.61666666666666,0.0,0.0,Persistence,False,nominal
a83,2026-08-16,24.0,-61.088338906571956,-50.55718196652763,-1888.8622266030873,-173.92318596882888,Physics B,False,nominal
a83,2026-08-16,72.0,-61.065004091062264,-50.604819121125225,-5666.586679809262,-521.7695579064866,Physics B,False,nominal
a83,2026-08-16,168.0,-61.018284140413364,-50.69985345978539,-13222.035586221611,-1217.4623017818021,Physics B,False,nominal
a83,2026-08-16,240.0,-60.98320036647284,-50.77091977568448,-18888.622266030874,-1739.2318596882888,Physics B,False,nominal
a83,2026-08-16,720.0,-60.74836312244749,-51.240142731965726,-56665.86679809262,-5217.695579064866,Physics B,False,nominal
a84,2026-08-16,24.0,-71.63333333333334,-102.41666666666667,0.0,0.0,Persistence,False,nominal
a84,2026-08-16,72.0,-71.63333333333334,-102.41666666666667,0.0,0.0,Persistence,False,nominal
a84,2026-08-16,168.0,-71.63333333333334,-102.41666666666667,0.0,0.0,Persistence,False,nominal
a84,2026-08-16,240.0,-71.63333333333334,-102.41666666666667,0.0,0.0,Persistence,False,nominal
a84,2026-08-16,720.0,-71.63333333333334,-102.41666666666667,0.0,0.0,Persistence,False,nominal
a85,2026-08-11,24.0,-63.780486801587564,-54.35503345467106,-3999.586944632657,1519.660553845602,Physics B,False,nominal
a85,2026-08-11,72.0,-63.708131609350644,-54.39824837951197,-11998.76083389797,4558.981661536805,Physics B,False,nominal
a85,2026-08-11,168.0,-63.56344001612178,-54.48394413258918,-27997.108612428598,10637.623876919213,Physics B,False,nominal
a85,2026-08-11,240.0,-63.45493847552181,-54.547581576017116,-39995.86944632657,15196.605538456019,Physics B,False,nominal
a85,2026-08-11,720.0,-62.73201603889335,-54.95843886468462,-119987.6083389797,45589.81661536806,Physics B,False,nominal
b09b,2026-08-16,24.0,-66.06666666666666,143.23333333333332,0.0,0.0,Persistence,False,nominal
b09b,2026-08-16,72.0,-66.06666666666666,143.23333333333332,0.0,0.0,Persistence,False,nominal
b09b,2026-08-16,168.0,-66.06666666666666,143.23333333333332,0.0,0.0,Persistence,False,nominal
b09b,2026-08-16,240.0,-66.06666666666666,143.23333333333332,0.0,0.0,Persistence,False,nominal
b09b,2026-08-16,720.0,-66.06666666666666,143.23333333333332,0.0,0.0,Persistence,False,nominal
b09g,2026-08-16,24.0,-68.2,41.516666666666666,0.0,0.0,Persistence,False,nominal
b09g,2026-08-16,72.0,-68.2,41.516666666666666,0.0,0.0,Persistence,False,nominal
b09g,2026-08-16,168.0,-68.2,41.516666666666666,0.0,0.0,Persistence,False,nominal
b09g,2026-08-16,240.0,-68.2,41.516666666666666,0.0,0.0,Persistence,False,nominal
b09g,2026-08-16,720.0,-68.2,41.516666666666666,0.0,0.0,Persistence,False,nominal
b09i,2021-12-31,24.0,-57.52730024151811,-30.02660250999997,713.8476049783943,8020.361227110171,Physics B,False,nominal
b09i,2021-12-31,72.0,-57.415129513555655,-29.880605722551937,2141.542814935183,24061.083681330514,Physics B,False,nominal
b09i,2021-12-31,168.0,-57.19037920930992,-29.59177118286439,4996.933234848761,56142.528589771195,Physics B,False,nominal
b09i,2021-12-31,240.0,-57.021469083568576,-29.37787190140935,7138.476049783943,80203.61227110171,Physics B,False,nominal
b09i,2021-12-31,720.0,-55.888444092463565,-28.00921545068073,21415.42814935183,240610.83681330513,Physics B,False,nominal
b15ab,2026-03-27,24.0,-51.85,-32.81666666666667,0.0,0.0,Persistence,False,nominal
b15ab,2026-03-27,72.0,-51.85,-32.81666666666667,0.0,0.0,Persistence,False,nominal
b15ab,2026-03-27,168.0,-51.85,-32.81666666666667,0.0,0.0,Persistence,False,nominal
b15ab,2026-03-27,240.0,-51.85,-32.81666666666667,0.0,0.0,Persistence,False,nominal
b15ab,2026-03-27,720.0,-51.85,-32.81666666666667,0.0,0.0,Persistence,False,nominal
b22a,2026-08-16,24.0,-69.14741816895001,171.20605429418217,2154.369221896431,1930.9350877923569,Physics B,False,nominal
b22a,2026-08-16,72.0,-69.17552099903689,171.0845786012622,6463.107665689293,5792.80526337707,Physics B,False,nominal
b22a,2026-08-16,168.0,-69.23145787317,170.84062241831143,15080.584553275017,13516.545614546498,Physics B,False,nominal
b22a,2026-08-16,240.0,-69.27317373773458,170.656775004743,21543.69221896431,19309.350877923567,Physics B,False,nominal
b22a,2026-08-16,720.0,-69.54598654534776,169.41178275629412,64631.076656892925,57928.052633770705,Physics B,False,nominal
b22f,2026-08-16,24.0,-67.19247067889181,-176.47389089136263,-2536.835634243403,1188.5360864430081,Physics B,False,nominal
b22f,2026-08-16,72.0,-67.21067433759525,-176.35485962337708,-7610.50690273021,3565.6082593290243,Physics B,False,nominal
b22f,2026-08-16,168.0,-67.24679663620584,-176.1162134815026,-17757.849439703823,8319.752605101057,Physics B,False,nominal
b22f,2026-08-16,240.0,-67.27363797110998,-175.93672043359038,-25368.356342434032,11885.360864430082,Physics B,False,nominal
b22f,2026-08-16,720.0,-67.44703048076045,-174.7291163751617,-76105.0690273021,35656.082593290244,Physics B,False,nominal
b22g,2026-05-07,24.0,-66.7604928751592,-159.90132782418044,1262.7731024248894,-3213.008271941043,Physics B,False,nominal
b22g,2026-05-07,72.0,-66.71476305754878,-160.0036730924089,3788.3193072746685,-9639.024815823128,Physics B,False,nominal
b22g,2026-05-07,168.0,-66.62310950913468,-160.2071285757477,8839.411716974226,-22491.057903587298,Physics B,False,nominal
b22g,2026-05-07,240.0,-66.55420156263129,-160.35864677054047,12627.731024248895,-32130.082719410428,Physics B,False,nominal
b22g,2026-05-07,720.0,-66.09126136393772,-161.34572734709144,37883.19307274668,-96390.24815823129,Physics B,False,nominal
b22h,2026-08-16,24.0,-70.15,164.18333333333334,0.0,0.0,Persistence,False,nominal
b22h,2026-08-16,72.0,-70.15,164.18333333333334,0.0,0.0,Persistence,False,nominal
b22h,2026-08-16,168.0,-70.15,164.18333333333334,0.0,0.0,Persistence,False,nominal
b22h,2026-08-16,240.0,-70.15,164.18333333333334,0.0,0.0,Persistence,False,nominal
b22h,2026-08-16,720.0,-70.15,164.18333333333334,0.0,0.0,Persistence,False,nominal
b22i,2026-05-02,24.0,-68.15,-179.25,0.0,0.0,Persistence,False,nominal
b22i,2026-05-02,72.0,-68.15,-179.25,0.0,0.0,Persistence,False,nominal
b22i,2026-05-02,168.0,-68.15,-179.25,0.0,0.0,Persistence,False,nominal
b22i,2026-05-02,240.0,-68.15,-179.25,0.0,0.0,Persistence,False,nominal
b22i,2026-05-02,720.0,-68.15,-179.25,0.0,0.0,Persistence,False,nominal
b28,2021-12-31,24.0,-74.65,-108.76666666666667,0.0,0.0,Persistence,False,nominal
b28,2021-12-31,72.0,-74.65,-108.76666666666667,0.0,0.0,Persistence,False,nominal
b28,2021-12-31,168.0,-74.65,-108.76666666666667,0.0,0.0,Persistence,False,nominal
b28,2021-12-31,240.0,-74.65,-108.76666666666667,0.0,0.0,Persistence,False,nominal
b28,2021-12-31,720.0,-74.65,-108.76666666666667,0.0,0.0,Persistence,False,nominal
b29,2026-08-16,24.0,-73.71666666666667,-110.86666666666666,0.0,0.0,Persistence,False,nominal
b29,2026-08-16,72.0,-73.71666666666667,-110.86666666666666,0.0,0.0,Persistence,False,nominal
b29,2026-08-16,168.0,-73.71666666666667,-110.86666666666666,0.0,0.0,Persistence,False,nominal
b29,2026-08-16,240.0,-73.71666666666667,-110.86666666666666,0.0,0.0,Persistence,False,nominal
b29,2026-08-16,720.0,-73.71666666666667,-110.86666666666666,0.0,0.0,Persistence,False,nominal
b37,2021-12-31,24.0,-72.05,-115.46666666666667,0.0,0.0,Persistence,False,nominal
b37,2021-12-31,72.0,-72.05,-115.46666666666667,0.0,0.0,Persistence,False,nominal
b37,2021-12-31,168.0,-72.05,-115.46666666666667,0.0,0.0,Persistence,False,nominal
b37,2021-12-31,240.0,-72.05,-115.46666666666667,0.0,0.0,Persistence,False,nominal
b37,2021-12-31,720.0,-72.05,-115.46666666666667,0.0,0.0,Persistence,False,nominal
b38,2023-08-19,24.0,-76.83333333333333,-155.26666666666668,0.0,0.0,Persistence,False,nominal
b38,2023-08-19,72.0,-76.83333333333333,-155.26666666666668,0.0,0.0,Persistence,False,nominal
b38,2023-08-19,168.0,-76.83333333333333,-155.26666666666668,0.0,0.0,Persistence,False,nominal
b38,2023-08-19,240.0,-76.83333333333333,-155.26666666666668,0.0,0.0,Persistence,False,nominal
b38,2023-08-19,720.0,-76.83333333333333,-155.26666666666668,0.0,0.0,Persistence,False,nominal
b39,2023-08-19,24.0,-73.59229202371114,-53.86312061478907,2098.2811482828974,1192.3056900660442,Physics B,False,nominal
b39,2023-08-19,72.0,-73.6101369107626,-53.72246237851794,6294.843444848692,3576.917070198133,Physics B,False,nominal
b39,2023-08-19,168.0,-73.64553553437575,-53.4402170758525,14687.968037980281,8346.139830462309,Physics B,False,nominal
b39,2023-08-19,240.0,-73.67182842476272,-53.22772312360042,20982.811482828973,11923.056900660442,Physics B,False,nominal
b39,2023-08-19,720.0,-73.84141870483728,-51.79355241160302,62948.43444848692,35769.170701981326,Physics B,False,nominal
b40,2021-12-31,24.0,-65.6,132.16666666666666,0.0,0.0,Persistence,False,nominal
b40,2021-12-31,72.0,-65.6,132.16666666666666,0.0,0.0,Persistence,False,nominal
b40,2021-12-31,168.0,-65.6,132.16666666666666,0.0,0.0,Persistence,False,nominal
b40,2021-12-31,240.0,-65.6,132.16666666666666,0.0,0.0,Persistence,False,nominal
b40,2021-12-31,720.0,-65.6,132.16666666666666,0.0,0.0,Persistence,False,nominal
b42,2021-12-31,24.0,-71.76666666666667,-148.71666666666667,0.0,0.0,Persistence,False,nominal
b42,2021-12-31,72.0,-71.76666666666667,-148.71666666666667,0.0,0.0,Persistence,False,nominal
b42,2021-12-31,168.0,-71.76666666666667,-148.71666666666667,0.0,0.0,Persistence,False,nominal
b42,2021-12-31,240.0,-71.76666666666667,-148.71666666666667,0.0,0.0,Persistence,False,nominal
b42,2021-12-31,720.0,-71.76666666666667,-148.71666666666667,0.0,0.0,Persistence,False,nominal
b45,2023-08-19,24.0,-72.56666666666666,-110.65,0.0,0.0,Persistence,False,nominal
b45,2023-08-19,72.0,-72.56666666666666,-110.65,0.0,0.0,Persistence,False,nominal
b45,2023-08-19,168.0,-72.56666666666666,-110.65,0.0,0.0,Persistence,False,nominal
b45,2023-08-19,240.0,-72.56666666666666,-110.65,0.0,0.0,Persistence,False,nominal
b45,2023-08-19,720.0,-72.56666666666666,-110.65,0.0,0.0,Persistence,False,nominal
b46,2023-08-19,24.0,-65.4858782742289,-151.18036096605084,-3873.0681503888695,-1861.419649353937,Physics B,False,nominal
b46,2023-08-19,72.0,-65.42425110115647,-151.07482652114487,-11619.204451166608,-5584.258948061812,Physics B,False,nominal
b46,2023-08-19,168.0,-65.30079768622183,-150.86538650090716,-27111.477052722086,-13029.93754547756,Physics B,False,nominal
b46,2023-08-19,240.0,-65.20803620525241,-150.70971802754954,-38730.68150388869,-18614.19649353937,Physics B,False,nominal
b46,2023-08-19,720.0,-64.58604775696247,-149.70196628997058,-116192.04451166608,-55842.58948061812,Physics B,False,nominal
b47,2025-11-19,24.0,-67.1489500083785,-176.9066338718208,912.487998782048,-2052.8686332277525,Physics B,False,nominal
b47,2025-11-19,72.0,-67.11350886881473,-176.95312390401048,2737.4639963461436,-6158.605899683258,Physics B,False,nominal
b47,2025-11-19,168.0,-67.04259558109582,-177.04566203903022,6387.415991474336,-14370.080432594268,Physics B,False,nominal
b47,2025-11-19,240.0,-66.98938379943034,-177.1146814668752,9124.879987820479,-20528.686332277528,Physics B,False,nominal
b47,2025-11-19,720.0,-66.63407160136994,-177.56655797000326,27374.63996346144,-61586.05899683258,Physics B,False,nominal
b50,2021-12-31,24.0,-68.23610484716731,-166.31949444709068,420.6199243736327,-1711.4765974263007,Physics B,False,nominal
b50,2021-12-31,72.0,-68.20830904337825,-166.3584069984588,1261.8597731208981,-5134.429792278902,Physics B,False,nominal
b50,2021-12-31,168.0,-68.15269559686075,-166.43592799691766,2944.339470615429,-11980.336181984105,Physics B,False,nominal
b50,2021-12-31,240.0,-68.1109665746932,-166.49380407242296,4206.199243736327,-17114.765974263006,Physics B,False,nominal
b50,2021-12-31,720.0,-67.83236938658597,-166.8739387453007,12618.597731208982,-51344.29792278902,Physics B,False,nominal
b51,2026-08-16,24.0,-74.2,-131.7,0.0,0.0,Persistence,False,nominal
b51,2026-08-16,72.0,-74.2,-131.7,0.0,0.0,Persistence,False,nominal
b51,2026-08-16,168.0,-74.2,-131.7,0.0,0.0,Persistence,False,nominal
b51,2026-08-16,240.0,-74.2,-131.7,0.0,0.0,Persistence,False,nominal
b51,2026-08-16,720.0,-74.2,-131.7,0.0,0.0,Persistence,False,nominal
c15,2026-08-16,24.0,-65.83333333333333,143.08333333333334,0.0,0.0,Persistence,False,nominal
c15,2026-08-16,72.0,-65.83333333333333,143.08333333333334,0.0,0.0,Persistence,False,nominal
c15,2026-08-16,168.0,-65.83333333333333,143.08333333333334,0.0,0.0,Persistence,False,nominal
c15,2026-08-16,240.0,-65.83333333333333,143.08333333333334,0.0,0.0,Persistence,False,nominal
c15,2026-08-16,720.0,-65.83333333333333,143.08333333333334,0.0,0.0,Persistence,False,nominal
c18b,2026-08-16,24.0,-67.03333333333333,47.36666666666667,0.0,0.0,Persistence,False,nominal
c18b,2026-08-16,72.0,-67.03333333333333,47.36666666666667,0.0,0.0,Persistence,False,nominal
c18b,2026-08-16,168.0,-67.03333333333333,47.36666666666667,0.0,0.0,Persistence,False,nominal
c18b,2026-08-16,240.0,-67.03333333333333,47.36666666666667,0.0,0.0,Persistence,False,nominal
c18b,2026-08-16,720.0,-67.03333333333333,47.36666666666667,0.0,0.0,Persistence,False,nominal
c18c,2026-08-16,24.0,-68.48333333333333,39.016666666666666,0.0,0.0,Persistence,False,nominal
c18c,2026-08-16,72.0,-68.48333333333333,39.016666666666666,0.0,0.0,Persistence,False,nominal
c18c,2026-08-16,168.0,-68.48333333333333,39.016666666666666,0.0,0.0,Persistence,False,nominal
c18c,2026-08-16,240.0,-68.48333333333333,39.016666666666666,0.0,0.0,Persistence,False,nominal
c18c,2026-08-16,720.0,-68.48333333333333,39.016666666666666,0.0,0.0,Persistence,False,nominal
c21b,2026-08-16,24.0,-64.96666666666667,95.88333333333334,0.0,0.0,Persistence,False,nominal
c21b,2026-08-16,72.0,-64.96666666666667,95.88333333333334,0.0,0.0,Persistence,False,nominal
c21b,2026-08-16,168.0,-64.96666666666667,95.88333333333334,0.0,0.0,Persistence,False,nominal
c21b,2026-08-16,240.0,-64.96666666666667,95.88333333333334,0.0,0.0,Persistence,False,nominal
c21b,2026-08-16,720.0,-64.96666666666667,95.88333333333334,0.0,0.0,Persistence,False,nominal
c24,2026-08-16,24.0,-64.83333333333333,96.01666666666667,0.0,0.0,Persistence,False,nominal
c24,2026-08-16,72.0,-64.83333333333333,96.01666666666667,0.0,0.0,Persistence,False,nominal
c24,2026-08-16,168.0,-64.83333333333333,96.01666666666667,0.0,0.0,Persistence,False,nominal
c24,2026-08-16,240.0,-64.83333333333333,96.01666666666667,0.0,0.0,Persistence,False,nominal
c24,2026-08-16,720.0,-64.83333333333333,96.01666666666667,0.0,0.0,Persistence,False,nominal
c29,2026-02-25,24.0,-65.41666666666667,129.08333333333334,0.0,0.0,Persistence,False,nominal
c29,2026-02-25,72.0,-65.41666666666667,129.08333333333334,0.0,0.0,Persistence,False,nominal
c29,2026-02-25,168.0,-65.41666666666667,129.08333333333334,0.0,0.0,Persistence,False,nominal
c29,2026-02-25,240.0,-65.41666666666667,129.08333333333334,0.0,0.0,Persistence,False,nominal
c29,2026-02-25,720.0,-65.41666666666667,129.08333333333334,0.0,0.0,Persistence,False,nominal
c30,2026-08-16,24.0,-64.76666666666667,96.26666666666667,0.0,0.0,Persistence,False,nominal
c30,2026-08-16,72.0,-64.76666666666667,96.26666666666667,0.0,0.0,Persistence,False,nominal
c30,2026-08-16,168.0,-64.76666666666667,96.26666666666667,0.0,0.0,Persistence,False,nominal
c30,2026-08-16,240.0,-64.76666666666667,96.26666666666667,0.0,0.0,Persistence,False,nominal
c30,2026-08-16,720.0,-64.76666666666667,96.26666666666667,0.0,0.0,Persistence,False,nominal
c31,2026-08-16,24.0,-64.71666666666667,96.5,0.0,0.0,Persistence,False,nominal
c31,2026-08-16,72.0,-64.71666666666667,96.5,0.0,0.0,Persistence,False,nominal
c31,2026-08-16,168.0,-64.71666666666667,96.5,0.0,0.0,Persistence,False,nominal
c31,2026-08-16,240.0,-64.71666666666667,96.5,0.0,0.0,Persistence,False,nominal
c31,2026-08-16,720.0,-64.71666666666667,96.5,0.0,0.0,Persistence,False,nominal
c32,2021-12-31,24.0,-66.05,132.8,0.0,0.0,Persistence,False,nominal
c32,2021-12-31,72.0,-66.05,132.8,0.0,0.0,Persistence,False,nominal
c32,2021-12-31,168.0,-66.05,132.8,0.0,0.0,Persistence,False,nominal
c32,2021-12-31,240.0,-66.05,132.8,0.0,0.0,Persistence,False,nominal
c32,2021-12-31,720.0,-66.05,132.8,0.0,0.0,Persistence,False,nominal
c33,2026-08-16,24.0,-65.21666666666667,101.21666666666667,0.0,0.0,Persistence,False,nominal
c33,2026-08-16,72.0,-65.21666666666667,101.21666666666667,0.0,0.0,Persistence,False,nominal
c33,2026-08-16,168.0,-65.21666666666667,101.21666666666667,0.0,0.0,Persistence,False,nominal
c33,2026-08-16,240.0,-65.21666666666667,101.21666666666667,0.0,0.0,Persistence,False,nominal
c33,2026-08-16,720.0,-65.21666666666667,101.21666666666667,0.0,0.0,Persistence,False,nominal
c35,2026-08-16,24.0,-66.21666666666667,142.95,0.0,0.0,Persistence,False,nominal
c35,2026-08-16,72.0,-66.21666666666667,142.95,0.0,0.0,Persistence,False,nominal
c35,2026-08-16,168.0,-66.21666666666667,142.95,0.0,0.0,Persistence,False,nominal
c35,2026-08-16,240.0,-66.21666666666667,142.95,0.0,0.0,Persistence,False,nominal
c35,2026-08-16,720.0,-66.21666666666667,142.95,0.0,0.0,Persistence,False,nominal
c36,2026-08-16,24.0,-67.46666666666667,146.53333333333333,0.0,0.0,Persistence,False,nominal
c36,2026-08-16,72.0,-67.46666666666667,146.53333333333333,0.0,0.0,Persistence,False,nominal
c36,2026-08-16,168.0,-67.46666666666667,146.53333333333333,0.0,0.0,Persistence,False,nominal
c36,2026-08-16,240.0,-67.46666666666667,146.53333333333333,0.0,0.0,Persistence,False,nominal
c36,2026-08-16,720.0,-67.46666666666667,146.53333333333333,0.0,0.0,Persistence,False,nominal
c38b,2023-08-19,24.0,-65.11666666666666,98.68333333333334,0.0,0.0,Persistence,False,nominal
c38b,2023-08-19,72.0,-65.11666666666666,98.68333333333334,0.0,0.0,Persistence,False,nominal
c38b,2023-08-19,168.0,-65.11666666666666,98.68333333333334,0.0,0.0,Persistence,False,nominal
c38b,2023-08-19,240.0,-65.11666666666666,98.68333333333334,0.0,0.0,Persistence,False,nominal
c38b,2023-08-19,720.0,-65.11666666666666,98.68333333333334,0.0,0.0,Persistence,False,nominal
c39,2026-08-16,24.0,-66.25488643109176,58.57132699563333,880.5813331320135,4742.632068217793,Physics B,False,nominal
c39,2026-08-16,72.0,-66.19787108067511,58.41456165367168,2641.74399939604,14227.89620465338,Physics B,False,nominal
c39,2026-08-16,168.0,-66.08335911659114,58.103341819146046,6164.0693319240945,33198.42447752455,Physics B,False,nominal
c39,2026-08-16,240.0,-65.9970595292426,57.871935581669604,8805.813331320134,47426.32068217793,Physics B,False,nominal
c39,2026-08-16,720.0,-65.41297741953528,56.37233918289068,26417.439993960405,142278.9620465338,Physics B,False,nominal
d15a,2026-08-16,24.0,-66.66666666666667,81.78333333333333,0.0,0.0,Persistence,False,nominal
d15a,2026-08-16,72.0,-66.66666666666667,81.78333333333333,0.0,0.0,Persistence,False,nominal
d15a,2026-08-16,168.0,-66.66666666666667,81.78333333333333,0.0,0.0,Persistence,False,nominal
d15a,2026-08-16,240.0,-66.66666666666667,81.78333333333333,0.0,0.0,Persistence,False,nominal
d15a,2026-08-16,720.0,-66.66666666666667,81.78333333333333,0.0,0.0,Persistence,False,nominal
d15b,2026-08-16,24.0,-67.01666666666667,81.46666666666667,0.0,0.0,Persistence,False,nominal
d15b,2026-08-16,72.0,-67.01666666666667,81.46666666666667,0.0,0.0,Persistence,False,nominal
d15b,2026-08-16,168.0,-67.01666666666667,81.46666666666667,0.0,0.0,Persistence,False,nominal
d15b,2026-08-16,240.0,-67.01666666666667,81.46666666666667,0.0,0.0,Persistence,False,nominal
d15b,2026-08-16,720.0,-67.01666666666667,81.46666666666667,0.0,0.0,Persistence,False,nominal
d15c,2026-08-16,24.0,-67.21666666666667,79.5,0.0,0.0,Persistence,False,nominal
d15c,2026-08-16,72.0,-67.21666666666667,79.5,0.0,0.0,Persistence,False,nominal
d15c,2026-08-16,168.0,-67.21666666666667,79.5,0.0,0.0,Persistence,False,nominal
d15c,2026-08-16,240.0,-67.21666666666667,79.5,0.0,0.0,Persistence,False,nominal
d15c,2026-08-16,720.0,-67.21666666666667,79.5,0.0,0.0,Persistence,False,nominal
d15d,2026-08-16,24.0,-67.3,79.25,0.0,0.0,Persistence,False,nominal
d15d,2026-08-16,72.0,-67.3,79.25,0.0,0.0,Persistence,False,nominal
d15d,2026-08-16,168.0,-67.3,79.25,0.0,0.0,Persistence,False,nominal
d15d,2026-08-16,240.0,-67.3,79.25,0.0,0.0,Persistence,False,nominal
d15d,2026-08-16,720.0,-67.3,79.25,0.0,0.0,Persistence,False,nominal
d20a,2023-08-19,24.0,-66.32026730491505,-51.70996559980314,1374.7890790007937,4134.37224665109,Physics B,False,nominal
d20a,2023-08-19,72.0,-66.29396670998297,-51.53020395253204,4124.3672370023805,12403.11673995327,Physics B,False,nominal
d20a,2023-08-19,168.0,-66.24069431986882,-51.17191668627761,9623.523553005556,28940.60572655763,Physics B,False,nominal
d20a,2023-08-19,240.0,-66.20015606505713,-50.90429089771662,13747.890790007936,41343.7224665109,Physics B,False,nominal
d20a,2023-08-19,720.0,-65.91733176515156,-49.14448343436861,41243.67237002381,124031.1673995327,Physics B,False,nominal
d21b,2021-05-11,24.0,-57.03333333333333,-25.7,0.0,0.0,persistence_fallback,True,degraded
d21b,2021-05-11,72.0,-57.03333333333333,-25.7,0.0,0.0,persistence_fallback,True,degraded
d21b,2021-05-11,168.0,-57.03333333333333,-25.7,0.0,0.0,persistence_fallback,True,degraded
d21b,2021-05-11,240.0,-57.03333333333333,-25.7,0.0,0.0,persistence_fallback,True,degraded
d21b,2021-05-11,720.0,-57.03333333333333,-25.7,0.0,0.0,persistence_fallback,True,degraded
d23,2026-08-16,24.0,-69.46666666666667,74.61666666666666,0.0,0.0,Persistence,False,nominal
d23,2026-08-16,72.0,-69.46666666666667,74.61666666666666,0.0,0.0,Persistence,False,nominal
d23,2026-08-16,168.0,-69.46666666666667,74.61666666666666,0.0,0.0,Persistence,False,nominal
d23,2026-08-16,240.0,-69.46666666666667,74.61666666666666,0.0,0.0,Persistence,False,nominal
d23,2026-08-16,720.0,-69.46666666666667,74.61666666666666,0.0,0.0,Persistence,False,nominal
d26,2021-12-31,24.0,-69.4,29.316666666666666,0.0,0.0,Persistence,False,nominal
d26,2021-12-31,72.0,-69.4,29.316666666666666,0.0,0.0,Persistence,False,nominal
d26,2021-12-31,168.0,-69.4,29.316666666666666,0.0,0.0,Persistence,False,nominal
d26,2021-12-31,240.0,-69.4,29.316666666666666,0.0,0.0,Persistence,False,nominal
d26,2021-12-31,720.0,-69.4,29.316666666666666,0.0,0.0,Persistence,False,nominal
d27,2023-08-19,24.0,-73.46666666666667,-41.38333333333333,0.0,0.0,Persistence,False,nominal
d27,2023-08-19,72.0,-73.46666666666667,-41.38333333333333,0.0,0.0,Persistence,False,nominal
d27,2023-08-19,168.0,-73.46666666666667,-41.38333333333333,0.0,0.0,Persistence,False,nominal
d27,2023-08-19,240.0,-73.46666666666667,-41.38333333333333,0.0,0.0,Persistence,False,nominal
d27,2023-08-19,720.0,-73.46666666666667,-41.38333333333333,0.0,0.0,Persistence,False,nominal
d28,2023-08-19,24.0,-60.925632129148745,-53.21384008788412,-2162.1590030202206,1815.2219146755983,Physics B,False,nominal
d28,2023-08-19,72.0,-60.87690396815708,-53.208201723094795,-6486.477009060663,5445.6657440267945,Physics B,False,nominal
d28,2023-08-19,168.0,-60.779478023280944,-53.19698380497224,-15135.113021141546,12706.553402729187,Physics B,False,nominal
d28,2023-08-19,240.0,-60.70643520550036,-53.188621425302024,-21621.59003020221,18152.219146755982,Physics B,False,nominal
d28,2023-08-19,720.0,-60.22007062346204,-53.13396495293261,-64864.770090606624,54456.65744026795,Physics B,False,nominal
d29a,2023-08-19,24.0,-61.26462981111745,-29.657398000694148,1792.8376935271042,3508.7483222036713,Physics B,False,nominal
d29a,2023-08-19,72.0,-61.227138926064974,-29.539101732152233,5378.513080581312,10526.244966611015,Physics B,False,nominal
d29a,2023-08-19,168.0,-61.15182369242802,-29.30347238442389,12549.86385468973,24561.238255425702,Physics B,False,nominal
d29a,2023-08-19,240.0,-61.095047617360215,-29.12759192179466,17928.37693527104,35087.48322203672,Physics B,False,nominal
d29a,2023-08-19,720.0,-60.7103346586322,-27.973399487631692,53785.130805813125,105262.44966611014,Physics B,False,nominal
d29b,2023-08-19,24.0,-61.2,-54.1,0.0,0.0,Persistence,False,nominal
d29b,2023-08-19,72.0,-61.2,-54.1,0.0,0.0,Persistence,False,nominal
d29b,2023-08-19,168.0,-61.2,-54.1,0.0,0.0,Persistence,False,nominal
d29b,2023-08-19,240.0,-61.2,-54.1,0.0,0.0,Persistence,False,nominal
d29b,2023-08-19,720.0,-61.2,-54.1,0.0,0.0,Persistence,False,nominal
d29c,2023-08-19,24.0,-61.83119656549787,-41.81999283285765,1191.6695585634855,6556.019225732175,Physics B,False,nominal
d29c,2023-08-19,72.0,-61.760041939176816,-41.62740401077626,3575.008675690456,19668.057677196524,Physics B,False,nominal
d29c,2023-08-19,168.0,-61.61688453391242,-41.24524907065702,8341.686909944397,45892.134580125225,Physics B,False,nominal
d29c,2023-08-19,240.0,-61.508785005454975,-40.961263215451126,11916.695585634854,65560.19225732175,Physics B,False,nominal
d29c,2023-08-19,720.0,-60.77278424300731,-39.12464427338057,35750.086756904566,196680.57677196525,Physics B,False,nominal
d30a,2023-08-19,24.0,-61.98131710408355,-54.385145455973145,2891.6947418634513,1141.6052056741514,Physics B,False,nominal
d30a,2023-08-19,72.0,-62.01056338417617,-54.28861255314283,8675.084225590355,3424.8156170224543,Physics B,False,nominal
d30a,2023-08-19,168.0,-62.06883658377889,-54.09491768996205,20241.86319304416,7991.23643971906,Physics B,False,nominal
d30a,2023-08-19,240.0,-62.11234843655473,-53.94909561481367,28916.947418634514,11416.052056741515,Physics B,False,nominal
d30a,2023-08-19,720.0,-62.398125715495915,-52.964851570669616,86750.84225590354,34248.156170224545,Physics B,False,nominal
d30b,2026-08-16,24.0,-60.56666666666667,-45.71666666666667,0.0,0.0,Persistence,False,nominal
d30b,2026-08-16,72.0,-60.56666666666667,-45.71666666666667,0.0,0.0,Persistence,False,nominal
d30b,2026-08-16,168.0,-60.56666666666667,-45.71666666666667,0.0,0.0,Persistence,False,nominal
d30b,2026-08-16,240.0,-60.56666666666667,-45.71666666666667,0.0,0.0,Persistence,False,nominal
d30b,2026-08-16,720.0,-60.56666666666667,-45.71666666666667,0.0,0.0,Persistence,False,nominal
d31,2023-08-19,24.0,-62.49024419244517,-45.50529778152174,4712.173656639458,3671.1210946455294,Physics B,False,nominal
d31,2023-08-19,72.0,-62.503765852301925,-45.28238778370495,14136.520969918374,11013.363283936587,Physics B,False,nominal
d31,2023-08-19,168.0,-62.52960657872317,-44.83590132931396,32985.215596476206,25697.847662518707,Physics B,False,nominal
d31,2023-08-19,240.0,-62.547932293238894,-44.500478789183404,47121.73656639458,36711.21094645529,Physics B,False,nominal
d31,2023-08-19,720.0,-62.64684783425337,-42.253818829949935,141365.20969918376,110133.63283936588,Physics B,False,nominal
d32,2026-08-16,24.0,-58.69604305051201,-37.32699755702561,-1907.974179984568,6474.217927358821,Physics B,False,nominal
d32,2026-08-16,72.0,-58.588127791396985,-37.24808843861284,-5723.9225399537045,19422.65378207646,Physics B,False,nominal
d32,2026-08-16,168.0,-58.372294782676335,-37.09196612311473,-13355.819259891976,45319.52549151174,Physics B,False,nominal
d32,2026-08-16,240.0,-58.210421118330366,-36.97633564475703,-19079.74179984568,64742.179273588205,Physics B,False,nominal
d32,2026-08-16,720.0,-57.13149361294587,-36.23605171734692,-57239.22539953704,194226.5378207646,Physics B,False,nominal
d33a,2026-08-16,24.0,-63.6,-55.25,0.0,0.0,Persistence,False,nominal
d33a,2026-08-16,72.0,-63.6,-55.25,0.0,0.0,Persistence,False,nominal
d33a,2026-08-16,168.0,-63.6,-55.25,0.0,0.0,Persistence,False,nominal
d33a,2026-08-16,240.0,-63.6,-55.25,0.0,0.0,Persistence,False,nominal
d33a,2026-08-16,720.0,-63.6,-55.25,0.0,0.0,Persistence,False,nominal
d33b,2026-08-16,24.0,-60.284194419540334,-50.9177482761625,-842.4331161995204,8011.418721798539,Physics B,False,nominal
d33b,2026-08-16,72.0,-60.1856960285925,-50.72093447792076,-2527.299348598561,24034.256165395618,Physics B,False,nominal
d33b,2026-08-16,168.0,-59.98783110137332,-50.33136567650244,-5897.031813396643,56079.931052589774,Physics B,False,nominal
d33b,2026-08-16,240.0,-59.8386884599031,-50.04270326919379,-8424.331161995206,80114.1872179854,Physics B,False,nominal
d33b,2026-08-16,720.0,-58.82910303300891,-48.19282838052656,-25272.993485985615,240342.5616539562,Physics B,False,nominal
d33c,2026-07-30,24.0,-62.147739176211196,-54.803070839773035,-9675.145057960417,50.79343799851494,Physics B,False,nominal
d33c,2026-07-30,72.0,-62.009685624552596,-55.00762915351912,-29025.43517388125,152.3803139955448,Physics B,False,nominal
d33c,2026-07-30,168.0,-61.73280578901928,-55.41050702089382,-67726.01540572292,355.55406598960457,Physics B,False,nominal
d33c,2026-07-30,240.0,-61.52449352149692,-55.70731136052418,-96751.45057960418,507.9343799851494,Physics B,False,nominal
d33c,2026-07-30,720.0,-60.12292596936443,-57.57530195617644,-290254.3517388125,1523.8031399554482,Physics B,False,nominal
d34,2026-08-16,24.0,-67.1,81.91666666666667,0.0,0.0,Persistence,False,nominal
d34,2026-08-16,72.0,-67.1,81.91666666666667,0.0,0.0,Persistence,False,nominal
d34,2026-08-16,168.0,-67.1,81.91666666666667,0.0,0.0,Persistence,False,nominal
d34,2026-08-16,240.0,-67.1,81.91666666666667,0.0,0.0,Persistence,False,nominal
d34,2026-08-16,720.0,-67.1,81.91666666666667,0.0,0.0,Persistence,False,nominal
d35,2026-08-16,24.0,-60.86034850919842,-43.79345110657321,-2230.7428960776256,4217.132411578957,Physics B,False,nominal
d35,2026-08-16,72.0,-60.781052487450154,-43.74721707960103,-6692.228688232876,12651.39723473687,Physics B,False,nominal
d35,2026-08-16,168.0,-60.62248909927444,-43.655529840805876,-15615.20027254338,29519.9268810527,Physics B,False,nominal
d35,2026-08-16,240.0,-60.503592539799726,-43.58743923518218,-22307.428960776255,42171.32411578957,Physics B,False,nominal
d35,2026-08-16,720.0,-59.711575844479526,-43.147753043645864,-66922.28688232877,126513.9723473687,Physics B,False,nominal
d36,2026-08-16,24.0,-66.26666666666667,86.76666666666667,0.0,0.0,Persistence,False,nominal
d36,2026-08-16,72.0,-66.26666666666667,86.76666666666667,0.0,0.0,Persistence,False,nominal
d36,2026-08-16,168.0,-66.26666666666667,86.76666666666667,0.0,0.0,Persistence,False,nominal
d36,2026-08-16,240.0,-66.26666666666667,86.76666666666667,0.0,0.0,Persistence,False,nominal
d36,2026-08-16,720.0,-66.26666666666667,86.76666666666667,0.0,0.0,Persistence,False,nominal
d37,2026-08-16,24.0,-69.2,36.333333333333336,0.0,0.0,Persistence,False,nominal
d37,2026-08-16,72.0,-69.2,36.333333333333336,0.0,0.0,Persistence,False,nominal
d37,2026-08-16,168.0,-69.2,36.333333333333336,0.0,0.0,Persistence,False,nominal
d37,2026-08-16,240.0,-69.2,36.333333333333336,0.0,0.0,Persistence,False,nominal
d37,2026-08-16,720.0,-69.2,36.333333333333336,0.0,0.0,Persistence,False,nominal
uk125,2021-07-30,24.0,-62.46666666666667,-36.53333333333333,0.0,0.0,Persistence,False,nominal
uk125,2021-07-30,72.0,-62.46666666666667,-36.53333333333333,0.0,0.0,Persistence,False,nominal
uk125,2021-07-30,168.0,-62.46666666666667,-36.53333333333333,0.0,0.0,Persistence,False,nominal
uk125,2021-07-30,240.0,-62.46666666666667,-36.53333333333333,0.0,0.0,Persistence,False,nominal
uk125,2021-07-30,720.0,-62.46666666666667,-36.53333333333333,0.0,0.0,Persistence,False,nominal
uk324,2026-08-16,24.0,-67.03333333333333,148.76666666666668,0.0,0.0,Persistence,False,nominal
uk324,2026-08-16,72.0,-67.03333333333333,148.76666666666668,0.0,0.0,Persistence,False,nominal
uk324,2026-08-16,168.0,-67.03333333333333,148.76666666666668,0.0,0.0,Persistence,False,nominal
uk324,2026-08-16,240.0,-67.03333333333333,148.76666666666668,0.0,0.0,Persistence,False,nominal
uk324,2026-08-16,720.0,-67.03333333333333,148.76666666666668,0.0,0.0,Persistence,False,nominal
uk327,2026-04-15,24.0,-65.3161889725637,-44.35618722144935,5207.077260983546,7838.132211492391,Physics B,False,nominal
uk327,2026-04-15,72.0,-65.28108305203949,-43.96940372257469,15621.231782950637,23514.396634477176,Physics B,False,nominal
uk327,2026-04-15,168.0,-65.2076208875558,-43.19931013762812,36449.540826884826,54866.92548044674,Physics B,False,nominal
uk327,2026-04-15,240.0,-65.149701649259,-42.62489455351392,52070.77260983546,78381.32211492393,Physics B,False,nominal
uk327,2026-04-15,720.0,-64.70326387800687,-38.87155286726044,156212.31782950638,235143.96634477176,Physics B,False,nominal
uk328,2026-05-19,24.0,-66.09775307270749,148.99662777547255,2234.5198471192766,1044.3967719399209,Physics B,False,nominal
uk328,2026-05-19,72.0,-66.0931987907286,148.88991451216856,6703.55954135783,3133.190315819763,Physics B,False,nominal
uk328,2026-05-19,168.0,-66.0838486979838,148.6766152314841,15641.638929834937,7310.777403579446,Physics B,False,nominal
uk328,2026-05-19,240.0,-66.0766249983911,148.51675491831787,22345.198471192765,10443.967719399208,Physics B,False,nominal
uk328,2026-05-19,720.0,-66.0238566991726,147.45370262000128,67035.5954135783,31331.903158197627,Physics B,False,nominal
