iceberg_id,sequence_end_timestamp,target_timestamp,target_time_delta_hours,initial_latitude,initial_longitude,initial_velocity_ms,initial_heading_deg,distance_travelled_prev_m,physics_dx,physics_dy,actual_dx,actual_dy,physics_epe,persistence_epe,constant_velocity_epe,sea_ice_concentration,current_speed,wind_speed,current_available,wind_available,seaice_available,physics_error_x,physics_error_y,physics_error_speed,actual_displacement_magnitude,predicted_displacement_magnitude,prediction_minus_actual
a23a,2021-03-31,2021-04-12,288.0,-75.68333333333334,-39.833333333333336,0.0035352640093124048,8.126037285427117,5498.042587282645,307.4311179010265,2607.1788106843733,0.0,0.0,2625.2419399239106,0.0,3665.361724855101,0.9528641612268984,0.04828101500203965,2.1146543620425486,1.0,1.0,1.0,307.4311179010265,2607.1788106843733,0.002532062056253772,0.0,2625.2419399239106,2625.2419399239106
a23a,2021-04-12,2021-04-21,216.0,-75.68333333333334,-39.833333333333336,0.0,207.7506354602461,0.0,-123.15195399723179,37.87885070171352,0.0,0.0,128.84568717585776,0.0,0.0,0.9637745283544064,0.04516739398241044,5.363926942175466,1.0,1.0,1.0,-123.15195399723179,37.87885070171352,0.00016569661416648374,0.0,128.84568717585776,128.84568717585776
a23a,2021-04-21,2021-05-04,312.0,-75.68333333333334,-39.833333333333336,0.0,207.7506354602461,0.0,-137.98163375816247,-35.92971965142449,-3836.2545307204127,-3210.451819136506,4873.890948772318,5002.38440220959,5002.38440220959,0.9506134211551398,0.0158696249127388,9.336648008025435,1.0,1.0,1.0,3698.2728969622503,3174.5220994850815,0.004339290374619229,5002.38440220959,142.58287417779752,-4859.801528031792
a23a,2021-05-04,2021-05-11,168.0,-75.68333333333334,-40.016666666666666,0.0044536898167820416,230.07500000000027,5002.384402209591,-1500.050879375589,-1019.4162386912888,-8138.846118848072,-4467.57311999565,7480.8681387743445,9284.396896341517,6662.191883928025,0.9373378695454448,0.07956849086118326,7.489431489389838,1.0,1.0,1.0,6638.795239472483,3448.1568813043614,0.012369160282364988,9284.396896341517,1813.659865692289,-7470.7370306492285
a23a,2021-05-11,2021-05-23,288.0,-75.66666666666667,-40.35,0.015351185344480022,241.23674852747712,9284.396896341517,-9297.150017495054,-5038.688824794271,8003.244073858834,6753.295255043544,20936.917735313884,10471.815148652606,26263.12557670708,0.9738074883352965,0.02463507315508416,10.450890635460372,1.0,1.0,1.0,-17300.39409135389,-11791.984079837814,0.020193786395943176,10471.815148652606,10574.75217302585,102.93702437324464
a23a,2021-05-23,2021-05-28,120.0,-75.66666666666667,-39.96666666666667,0.010100130351709688,49.84166666666641,10471.815148652606,2222.2346185059096,1903.4385076688106,-477.0013710951898,-10013.002039512852,12218.323544663279,10024.357343556505,13381.243480851848,0.9408474981319159,0.009650800064770287,3.6579590327811484,1.0,1.0,1.0,2699.2359896010994,11916.440547181663,0.02828315635338722,10024.357343556505,2925.987842107785,-7098.36950144872
a23a,2021-05-28,2021-06-06,216.0,-75.73333333333333,-40.21666666666667,0.02320453088786228,182.72740573142215,10024.357343556505,-581.765379071571,-11809.608368861082,-1615.1546440641396,8256.437365619233,20092.637576765712,8412.935426867094,26290.72871016699,0.9677800827194005,0.09162874349104376,6.4540221988198425,1.0,1.0,1.0,1033.3892649925685,-20066.045734480314,0.025839297295223395,8412.935426867094,11823.92916006181,3410.9937331947167
a23a,2021-06-06,2021-06-17,264.0,-75.66666666666667,-40.06666666666668,0.010819104201217969,348.9313699349319,8412.935426867094,-1350.0276436238744,6775.459534344758,80.17345028195996,4867.660354145337,2384.3600569081486,4868.320563135549,5612.960700819249,0.9617526771035045,0.05913350057560052,7.933072975681128,1.0,1.0,1.0,-1430.2010939058343,1907.7991801994212,0.0025087963561743988,4868.320563135549,6908.648676846429,2040.3281137108806
a23a,2021-06-17,2021-06-22,120.0,-75.63333333333334,-39.949999999999996,0.005122391164915349,0.9436124702428685,4868.320563135549,61.44010057459075,1436.5644451814335,798.3744916914729,5458.310891763074,4088.706002808574,5516.390089553405,3333.9699431554122,0.9548097162041813,0.039674062281847,10.644136344623114,1.0,1.0,1.0,-736.9343911168822,-4021.746446581641,0.00946459722872355,5516.390089553405,1437.8777038114388,-4078.5123857419667
a23a,2021-06-22,2021-06-28,144.0,-75.6,-39.79999999999999,0.012769421503595845,8.321511659245488,5516.390089553404,593.737498096534,4394.707022989024,-2001.612557584769,3118.702911060769,2892.0630015929387,3705.773964793314,4531.358929568288,0.954046753467992,0.05375764188437025,7.4685276937026845,1.0,1.0,1.0,2595.3500556813033,1276.004111928255,0.00557882523455428,3705.773964793314,4434.633472402762,728.859507609448
a23a,2021-06-28,2021-07-06,192.0,-75.56666666666666,-39.78333333333333,0.007148483728382164,327.3072746834363,3705.773964793312,-1792.5931124616138,2777.2915058856433,0.0,0.0,3305.5617034793586,0.0,4941.031953057752,0.984031189000234,0.053535415827695915,5.74402444817084,1.0,1.0,1.0,-1792.5931124616138,2777.2915058856433,0.004782352001561572,0.0,3305.5617034793586,3305.5617034793586
a23a,2021-07-06,2021-07-16,240.0,-75.56666666666666,-39.78333333333333,0.0,207.7506354602461,0.0,0.8640068242586731,0.7363036100092916,-6475.580878330278,4177.399255226599,7706.416272292262,7706.089296742186,7706.089296742186,0.9995956288184971,0.005250602898667009,9.834129938444708,1.0,1.0,1.0,6476.444885154537,-4176.662951616589,0.008919463278116043,7706.089296742186,1.1351875609247455,-7704.954109181262
a23a,2021-07-16,2021-08-15,720.0,-75.5,-39.866666666666674,0.008919084834192344,302.8260748196672,7706.089296742186,-13127.04324114272,9054.66039779212,-10352.996439060546,-6309.269191374769,15612.356262941868,12124.001525751766,20912.52608179935,0.9647282317746431,0.1392032150711099,11.43504495801943,1.0,1.0,1.0,-2774.0468020821736,15363.92958916689,0.006023285595270783,12124.001525751766,15946.978998361279,3822.977472609513
a23a,2021-08-15,2021-08-17,48.0,-75.48333333333333,-40.3,0.0046774697244412675,238.64125217815723,12124.001525751766,-478.86523532739494,-261.69600849225344,0.0,0.0,545.7075356506807,0.0,808.266768383451,0.9745323029346764,0.09754089931902749,5.951577940509996,1.0,1.0,1.0,-478.86523532739494,-261.69600849225344,0.0031580297202006987,0.0,545.7075356506807,545.7075356506807
a23a,2021-08-17,2021-09-02,384.0,-75.48333333333333,-40.3,0.0,207.7506354602461,0.0,-201.19055452962968,272.8798111582578,-1541.6083022933453,1103.9448277652264,1577.1457765051057,1896.1145377981168,1896.1145377981168,0.9579378634225577,0.08770023512676718,4.619822086225924,1.0,1.0,1.0,1340.4177477637156,-831.0650166069686,0.001140875127680198,1896.1145377981168,339.0295423258957,-1557.0849954722212
a23a,2021-09-02,2021-09-12,240.0,-75.46666666666667,-40.31666666666666,0.0013716106320877594,305.6064295476489,1896.1145377981156,-646.0169703600616,495.4913559191542,0.0,0.0,814.1557650620639,0.0,1185.071586123824,0.9715186001267284,0.036809927718187585,6.034379495321369,1.0,1.0,1.0,-646.0169703600616,495.4913559191542,0.0009423099132662776,0.0,814.1557650620639,814.1557650620639
a23a,2021-09-12,2021-10-06,576.0,-75.46666666666667,-40.31666666666666,0.0,207.7506354602461,0.0,-235.45745460988869,441.77070812995913,-3724.5314565206645,-5589.744640233228,6967.984987666835,6716.947201938396,6716.947201938396,0.9530167537741363,0.0793410815181695,5.465872060992717,1.0,1.0,1.0,3489.0740019107757,6031.5153483631875,0.003360332266428836,6716.947201938396,500.6012100395018,-6216.345991898894
a23a,2021-10-06,2021-10-19,312.0,-75.48333333333333,-40.55,0.003239268519453317,213.6761213136974,6716.947201938396,-1423.0373021819935,-1628.1601214294508,-1800.9892418100499,-30771.197687467095,29145.488265667296,30823.85714621543,27744.263802403453,0.9363841661252081,0.06974798191207661,1.425896268036369,1.0,1.0,1.0,377.9519396280564,29143.037566037645,0.025948618470145384,30823.85714621543,2162.3923197270587,-28661.46482648837
a23a,2021-10-19,2021-11-08,480.0,-75.68333333333334,-41.33333333333333,0.027442892758382683,183.34960952231873,30823.85714621543,-1979.4522428491523,-31128.99024405163,10870.276557317004,-7578.50569903315,26827.986367652975,13251.289034008485,42036.63037724609,0.9499267546925694,0.041871572912186635,4.94768156538787,1.0,1.0,1.0,-12849.728800166156,-23550.48454501848,0.01552545507387325,13251.289034008485,31191.86215659434,17940.573122585854
a81,2026-04-22,2026-04-30,192.0,-64.68333333333334,-56.29999999999999,0.03000807170917413,26.53141943044909,15556.184374035869,6526.839487509645,12223.597043721738,-3505.5893955957144,55744.81726117106,44662.58208512228,55854.93539958549,39319.23147305466,0.6052583386190236,0.044001721966450996,10.071765959871907,1.0,1.0,1.0,10032.42888310536,-43521.22021744932,0.06461600417407737,55854.93539958549,13856.982297130859,-41997.95310245463
a81,2026-04-30,2026-05-07,168.0,-64.38333333333334,-55.4,0.08080864496467807,356.4016147275144,55854.93539958549,-1243.028705032555,34333.994980876145,-24864.38919635443,24235.03990082885,25689.639257291936,34721.391232244045,32823.8170279272,0.5130542919505388,0.10688451689673423,4.247804962428171,1.0,1.0,1.0,23621.360491321873,10098.955080047293,0.04247625538573402,34721.391232244045,34356.488931617605,-364.9023006264397
a81,2026-05-07,2026-05-14,168.0,-64.08333333333333,-55.28333333333334,0.057409707725271236,314.26563130105677,34721.391232244045,-16317.388557205268,16703.05370003004,-1838.0977849718183,7364.723880791571,17229.45922191881,7590.636423082057,28545.01110137881,0.833155307918787,0.07165028511447932,4.097285430424868,1.0,1.0,1.0,-14479.29077223345,9338.329819238468,0.02848786247010385,7590.636423082057,23350.57113290595,15759.93470982389
a81,2026-05-14,2026-05-21,168.0,-64.03333333333333,-55.18333333333333,0.0125506554614452,345.9863342270014,7590.636423082058,-620.0419201467978,6310.492890817868,2565.262079846114,43293.75887110224,37120.18486135043,43369.69133770081,36197.86089583275,0.7534257019869983,0.14383124521770999,13.613623559908792,1.0,1.0,1.0,-3185.3039999929115,-36983.26598028437,0.06137596703265614,43369.69133770081,6340.88105138412,-37028.810286316686
a81,2026-05-21,2026-05-28,168.0,-63.833333333333336,-54.449999999999996,0.07170914573032541,3.390951694180359,43369.69133770081,2432.8805004108126,29421.48978364244,5314.427924648393,43059.56792923878,13939.171103890028,43386.28279098143,2759.1227300499563,0.845782341202721,0.12318141475473868,5.9019586925785195,1.0,1.0,1.0,-2881.5474242375803,-13638.07814559634,0.02304757126965944,43386.28279098143,29521.906588468428,-13864.376202513002
a81,2026-05-28,2026-06-04,168.0,-63.65,-53.699999999999996,0.07173657868879205,7.035885517819281,43386.28279098143,3360.4079330595987,29266.876235701646,-12375.345030135475,31383.050498341676,15877.408945686404,33734.922901888516,21195.969581640915,0.8240379032213241,0.07084502390836979,5.99525247599231,1.0,1.0,1.0,15735.752963195075,-2116.17426264003,0.02625232960596297,33734.922901888516,29459.164721228055,-4275.758180660461
a81,2026-06-04,2026-06-13,216.0,-63.4,-53.35,0.05577864236423366,338.4790892937629,33734.922901888516,-9891.926667422431,27598.673418126877,-3000.979989447631,18300.75308394339,11573.092441500443,18545.173073781993,25550.45884279001,0.7070375676266849,0.059234217703000754,7.281726486611149,1.0,1.0,1.0,-6890.9466779748,9297.920334183487,0.014883092131559212,18545.173073781993,29317.86123908233,10772.688165300337
a81,2026-06-13,2026-06-21,192.0,-63.28333333333333,-53.1,0.023849245208052976,350.68744840222325,18545.173073781993,97.3932683642274,10611.719697364535,-77004.90439970233,14901.25611013011,77221.5282698522,78433.42868488528,74349.91763375628,0.22583696991205215,0.04922854098977774,3.487449685244062,1.0,1.0,1.0,77102.29766806656,-4289.536412765576,0.11172096103855933,78433.42868488528,10612.166620636764,-67821.26206424851
a81,2026-06-21,2026-06-28,168.0,-62.666666666666664,-53.75000000000001,0.11347428918530855,280.9519692060554,78433.42868488526,-45339.149676422945,12033.287304345533,-52272.601911970414,12817.251729653915,6977.632845225327,53821.063279618036,15108.310971976798,0.6818979454692453,0.182063308810909,14.566225582781678,1.0,1.0,1.0,6933.452235547469,-783.9644253083825,0.011537091344618597,53821.063279618036,46908.831756184314,-6912.231523433722
a81,2026-06-28,2026-07-03,120.0,-62.233333333333334,-54.13333333333333,0.08898985330624676,283.7771205265007,53821.063279618036,-26335.087378810644,6385.856330780458,-10296.824145933613,86198.32485740585,81407.9604205917,86811.15018081003,81650.77027644118,0.0,0.05367094434402269,12.886912290456255,0.0,1.0,0.0,-16038.26323287703,-79812.4685266254,0.18844435282544375,86811.15018081003,27098.26541177425,-59712.88476903578
a81,2026-07-03,2026-07-12,216.0,-61.71666666666667,-52.966666666666676,0.20095173652965284,353.18800936492994,86811.15018081003,-13598.008265128083,105133.14747259385,-37492.84128134046,49237.38937251363,60788.969545924665,61887.26573026397,107602.91630843953,0.0,0.10232845684679961,11.61228666467754,0.0,1.0,0.0,23894.833016212375,55895.75810008022,0.07817511515679612,61887.26573026397,106008.88890217016,44121.62317190619
a81,2026-07-12,2026-07-17,120.0,-61.2,-52.666666666666664,0.07958753308933124,322.7117817121983,61887.26573026397,-14973.26449106276,18695.402244093784,-39410.60914374143,-33267.912240036996,57422.72952281595,51574.704050450535,63405.77227506312,0.0,0.10232845684679961,10.323614400761834,0.0,1.0,0.0,24437.34465267867,51963.31448413078,0.1329229850065184,51574.704050450535,23952.38431947408,-27622.319730976455
a81,2026-07-17,2026-07-22,120.0,-61.1,-53.56666666666667,0.11938588900567254,229.83108532025344,51574.70405045054,-26206.530609930724,-21717.219896138486,-17120.610337720253,70419.00715041673,92583.14253452049,72470.35163697287,106055.746187818,0.0,0.10232845684679961,2.7890737265623367,0.0,1.0,0.0,-9085.920272210471,-92136.22704655521,0.21431282994101966,72470.35163697287,34035.56796391783,-38434.78367305505
a81,2026-07-22,2026-07-30,192.0,-60.61666666666667,-52.75000000000001,0.16775544360410388,346.3350977020039,72470.35163697287,-18809.09025671919,73526.67023529483,-24935.249280038755,31021.48825986497,42944.38635192506,39800.746104999256,81685.90502571764,0.0,0.10232845684679961,6.712607906030908,0.0,1.0,0.0,6126.159023319564,42505.18197542986,0.06213018858785454,39800.746104999256,75894.35494274393,36093.60883774467
a81,2026-07-30,2026-08-09,240.0,-60.28333333333333,-52.583333333333336,0.057582097952834574,321.2074804843832,39800.746104999256,-22917.47570003161,25479.29114230649,-48281.4361825143,148731.95695271296,125835.4088511206,156372.28686320945,111278.73398946197,0.0,0.10232845684679961,9.054726030669505,0.0,1.0,0.0,25363.96048248269,-123252.66581040647,0.14564283431842662,156372.28686320945,34269.59249211985,-122102.6943710896
a81,2026-08-09,2026-08-16,168.0,-59.166666666666664,-51.1,0.18098644312871465,342.01550917242207,156372.28686320945,-23098.357600967553,67602.47830260644,-13731.742673663422,4644.233654629439,63651.19043938551,14495.849857614481,101471.7935532851,0.0,0.10232845684679961,9.05496274219777,0.0,1.0,0.0,-9366.61492730413,62958.244647977,0.10524337043549191,14495.849857614481,71439.68922466383,56943.83936704935
b09b,2021-03-31,2021-04-12,288.0,-66.25,143.5,0.003117702956900597,182.32991447237268,4848.651638571808,-1445.4027524126834,-1341.5269595996976,0.0,0.0,1972.0252787464387,0.0,3232.434425714539,0.8498641918413341,0.12360862870851139,2.852902491494998,1.0,1.0,1.0,-1445.4027524126834,-1341.5269595996976,0.001902030554346488,0.0,1972.0252787464387,1972.0252787464387
b09b,2021-04-12,2021-04-21,216.0,-66.25,143.5,0.0,207.7506354602461,0.0,-123.13380543939937,113.2234770531136,0.0,0.0,167.27668635522645,0.0,0.0,0.9083071374334395,0.06258303869552383,9.127162688354224,1.0,1.0,1.0,-123.13380543939937,113.2234770531136,0.00021511919541567187,0.0,167.27668635522645,167.27668635522645
b09b,2021-04-21,2021-05-04,312.0,-66.25,143.5,0.0,207.7506354602461,0.0,-285.1543633838591,1.0966438824338556,0.0,0.0,285.1564721072605,0.0,0.0,0.9463408298324794,0.0863193799283429,7.890643815467255,1.0,1.0,1.0,-285.1543633838591,1.0966438824338556,0.00025387862545162086,0.0,285.1564721072605,285.1564721072605
b09b,2021-05-04,2021-05-05,24.0,-66.25,143.5,0.0,207.7506354602461,0.0,7.638090937259384,3.9270017217934337,1932.4995096600614,3781.7769234878942,4239.9577253406305,4246.927248477649,4246.927248477649,0.9541230497416109,0.04335347353262057,10.598147728881495,1.0,1.0,1.0,-1924.861418722802,-3777.8499217661006,0.049073584784035076,4246.927248477649,8.58846759840267,-4238.338780879247
b09b,2021-05-05,2021-05-28,552.0,-66.26666666666667,143.41666666666666,0.049154250561083905,27.067170594878547,4246.927248477648,30185.897721916535,58246.27412597928,0.0,0.0,65603.48215481194,0.0,97679.32671498595,0.9363841661252081,0.09057572783838805,0.4783744214420498,1.0,1.0,1.0,30185.897721916535,58246.27412597928,0.03301302443378217,0.0,65603.48215481194,65603.48215481194
b09b,2021-05-28,2021-06-06,216.0,-66.26666666666667,143.41666666666666,0.0,207.7506354602461,0.0,-458.9509337884921,280.39015269669807,0.0,0.0,537.8239464309919,0.0,0.0,0.9114352846518159,0.11084564625708689,4.339094554413892,1.0,1.0,1.0,-458.9509337884921,280.39015269669807,0.0006916460216447941,0.0,537.8239464309919,537.8239464309919
b09b,2021-06-06,2021-06-17,264.0,-66.26666666666667,143.41666666666666,0.0,207.7506354602461,0.0,-230.51436072226164,237.45487221845707,0.0,0.0,330.9406092329509,0.0,0.0,0.9172719495836645,0.09408812412189377,11.354309468127108,1.0,1.0,1.0,-230.51436072226164,237.45487221845707,0.000348211920489216,0.0,330.9406092329509,330.9406092329509
b09b,2021-06-17,2021-06-22,120.0,-66.26666666666667,143.41666666666666,0.0,207.7506354602461,0.0,29.495530638554982,26.69329917380459,0.0,0.0,39.780881695007366,0.0,0.0,0.9363460179883987,0.04574519951195253,12.648484338432286,1.0,1.0,1.0,29.495530638554982,26.69329917380459,9.208537429399853e-05,0.0,39.780881695007366,39.780881695007366
b09b,2021-06-22,2021-06-28,144.0,-66.26666666666667,143.41666666666666,0.0,207.7506354602461,0.0,-223.88360198683185,225.66354980203576,0.0,0.0,317.88033117488413,0.0,0.0,0.9022034355439246,0.07890554568263305,3.7268820549462656,1.0,1.0,1.0,-223.88360198683185,225.66354980203576,0.0006131950832848845,0.0,317.88033117488413,317.88033117488413
b09b,2021-06-28,2021-07-06,192.0,-66.26666666666667,143.41666666666666,0.0,207.7506354602461,0.0,-319.97524772712944,44.53179749786593,0.0,0.0,323.05918984983043,0.0,0.0,0.9145634318701923,0.10424651101953028,10.855470862961932,1.0,1.0,1.0,-319.97524772712944,44.53179749786593,0.0004673888742040371,0.0,323.05918984983043,323.05918984983043
b09b,2021-07-06,2021-07-16,240.0,-66.26666666666667,143.41666666666666,0.0,207.7506354602461,0.0,-107.42336623725753,94.27193141762423,0.0,0.0,142.92297459454588,0.0,0.0,0.9036149166058749,0.03847269385575415,4.756068898139577,1.0,1.0,1.0,-107.42336623725753,94.27193141762423,0.0001654201094844281,0.0,142.92297459454588,142.92297459454588
b09b,2021-07-16,2021-08-15,720.0,-66.26666666666667,143.41666666666666,0.0,207.7506354602461,0.0,-624.9401476842695,155.83352732991744,0.0,0.0,644.0762970547206,0.0,0.0,0.9115115809254348,0.05814877335233079,8.299467816783718,1.0,1.0,1.0,-624.9401476842695,155.83352732991744,0.0002484862257155558,0.0,644.0762970547206,644.0762970547206
b09b,2021-08-15,2021-09-02,432.0,-66.26666666666667,143.41666666666666,0.0,207.7506354602461,0.0,-1468.5356952959069,-618.8408485431771,-1832.8294974965975,-1359.112408075016,825.0526990280904,2281.7647785600293,2281.7647785600293,0.8709601114969701,0.14101665042499925,17.63837962436595,1.0,1.0,1.0,364.2938022006906,740.2715595318389,0.000530512280753659,2281.7647785600293,1593.600038963313,-688.1647395967163
b09b,2021-09-02,2021-09-12,240.0,-66.26666666666667,143.46666666666667,0.0014671841425926112,233.44166666667115,2281.7647785600275,-825.3014418344262,-536.1290962136732,0.0,0.0,984.1528731355066,0.0,1267.647099200016,0.9445478674024343,0.07807014100981714,14.853813617740535,1.0,1.0,1.0,-825.3014418344262,-536.1290962136732,0.001139065825388318,0.0,984.1528731355066,984.1528731355066
b09b,2021-09-12,2021-10-06,576.0,-66.26666666666667,143.46666666666667,0.0,207.7506354602461,0.0,-485.74037585583324,-25.263492932953618,0.0,0.0,486.39691283121806,0.0,0.0,0.855967893730849,0.034446732496432333,5.637819193833232,1.0,1.0,1.0,-485.74037585583324,-25.263492932953618,0.0002345664124378945,0.0,486.39691283121806,486.39691283121806
b09b,2021-10-06,2021-10-19,312.0,-66.26666666666667,143.46666666666667,0.0,207.7506354602461,0.0,-1135.0377452665173,-287.34878877606155,0.0,0.0,1170.8458521901032,0.0,0.0,0.8210242004133761,0.08770660691528848,4.517121557587876,1.0,1.0,1.0,-1135.0377452665173,-287.34878877606155,0.0010424197401977414,0.0,1170.8458521901032,1170.8458521901032
b09b,2021-10-19,2021-11-10,528.0,-66.26666666666667,143.46666666666667,0.0,207.7506354602461,0.0,-1159.5682803221061,945.9701672825119,2443.509010660462,1812.5052458588034,3705.8128672664384,3042.352962995016,3042.352962995016,0.7674642163328826,0.05252376451461603,3.859561592294121,1.0,1.0,1.0,-3603.0772909825682,-866.5350785762915,0.0019496069377453907,3042.352962995016,1496.481925757097,-1545.8710372379187
b09b,2026-04-22,2026-04-30,192.0,-66.08333333333333,143.23333333333332,0.0,207.7506354602461,0.0,-460.3394043429591,600.6259827324069,0.0,0.0,756.7456232606171,0.0,0.0,0.8370845660101622,0.08274512906649058,5.069584603448837,1.0,1.0,1.0,-460.3394043429591,600.6259827324069,0.0010948287373562168,0.0,756.7456232606171,756.7456232606171
b09b,2026-04-30,2026-05-07,168.0,-66.08333333333333,143.23333333333332,0.0,207.7506354602461,0.0,-81.76649357231565,164.94400676719567,0.0,0.0,184.0985737031339,0.0,0.0,0.8976256591267884,0.05124202238171007,4.821863852630262,1.0,1.0,1.0,-81.76649357231565,164.94400676719567,0.0003043957898530653,0.0,184.0985737031339,184.0985737031339
b09b,2026-05-07,2026-05-14,168.0,-66.08333333333333,143.23333333333332,0.0,207.7506354602461,0.0,-213.75242126116572,42.22657171542321,0.0,0.0,217.88341137830716,0.0,0.0,0.9221549110952765,0.07126970463613777,6.348916449916289,1.0,1.0,1.0,-213.75242126116572,42.22657171542321,0.000360256963257783,0.0,217.88341137830716,217.88341137830716
b09b,2026-05-14,2026-05-21,168.0,-66.08333333333333,143.23333333333332,0.0,207.7506354602461,0.0,-532.4355050124609,-120.33811778352667,0.0,0.0,545.865211924662,0.0,0.0,0.8840830705594271,0.12268592630365803,9.475850839813017,1.0,1.0,1.0,-532.4355050124609,-120.33811778352667,0.0009025549138965973,0.0,545.865211924662,545.865211924662
b09b,2026-05-21,2026-05-28,168.0,-66.08333333333333,143.23333333333332,0.0,207.7506354602461,0.0,-157.90076043896048,-0.9501312922858155,0.0,0.0,157.9036190106945,0.0,0.0,0.8603167813271284,0.030057245987193337,3.572732242710405,1.0,1.0,1.0,-157.90076043896048,-0.9501312922858155,0.00026108402614202135,0.0,157.9036190106945,157.9036190106945
b09b,2026-05-28,2026-06-04,168.0,-66.08333333333333,143.23333333333332,0.0,207.7506354602461,0.0,-613.5552089723317,-91.60917083054615,0.0,0.0,620.3565383207804,0.0,0.0,0.8671452978160232,0.11932854272108064,6.564820557400911,1.0,1.0,1.0,-613.5552089723317,-91.60917083054615,0.0010257217895515548,0.0,620.3565383207804,620.3565383207804
b09b,2026-06-04,2026-06-13,216.0,-66.08333333333333,143.23333333333332,0.0,207.7506354602461,0.0,-850.2766777379752,-52.69348035072974,0.0,0.0,851.9078774002511,0.0,0.0,0.8966719557065517,0.14957183438742355,5.539606953559293,1.0,1.0,1.0,-850.2766777379752,-52.69348035072974,0.0010955605419241913,0.0,851.9078774002511,851.9078774002511
b09b,2026-06-13,2026-06-21,192.0,-66.08333333333333,143.23333333333332,0.0,207.7506354602461,0.0,-429.39761908154685,360.83327372506136,0.0,0.0,560.876962176239,0.0,0.0,0.8583712263498455,0.060105195200048374,5.8172467763603235,1.0,1.0,1.0,-429.39761908154685,360.83327372506136,0.000811453938333679,0.0,560.876962176239,560.876962176239
b09b,2026-06-21,2026-06-28,168.0,-66.08333333333333,143.23333333333332,0.0,207.7506354602461,0.0,-27.226538221101038,251.84880110307142,0.0,0.0,253.316211483907,0.0,0.0,0.8964812150225043,0.055062022160549264,10.535752463905022,1.0,1.0,1.0,-27.226538221101038,251.84880110307142,0.0004188429422683648,0.0,253.316211483907,253.316211483907
b09b,2026-06-28,2026-07-05,168.0,-66.08333333333333,143.23333333333332,0.0,207.7506354602461,0.0,-981.7526694561128,1.8877394348074619,0.0,0.0,981.7544843515496,0.0,0.0,0.0,0.06226972616586299,5.61048400449094,0.0,1.0,0.0,-981.7526694561128,1.8877394348074619,0.0016232713034913188,0.0,981.7544843515496,981.7544843515496
b09b,2026-07-05,2026-07-12,168.0,-66.08333333333333,143.23333333333332,0.0,207.7506354602461,0.0,-16.1752835870769,-653.7719605254132,0.0,0.0,653.9720301116591,0.0,0.0,0.0,0.10232845684679961,3.7372883677219733,0.0,1.0,0.0,-16.1752835870769,-653.7719605254132,0.0010813029598407062,0.0,653.9720301116591,653.9720301116591
b09b,2026-07-12,2026-07-19,168.0,-66.08333333333333,143.23333333333332,0.0,207.7506354602461,0.0,1371.2277587588774,-1167.130283996155,0.0,0.0,1800.6828333195824,0.0,0.0,0.0,0.10232845684679961,10.290456926380928,0.0,1.0,0.0,1371.2277587588774,-1167.130283996155,0.0029773194995363467,0.0,1800.6828333195824,1800.6828333195824
b09b,2026-07-19,2026-07-22,72.0,-66.08333333333333,143.23333333333332,0.0,207.7506354602461,0.0,-634.1316890567864,-117.21225518730512,0.0,0.0,644.8734076019159,0.0,0.0,0.0,0.10232845684679961,8.599014645578762,0.0,1.0,0.0,-634.1316890567864,-117.21225518730512,0.0024879375293283793,0.0,644.8734076019159,644.8734076019159
b09b,2026-07-22,2026-07-30,192.0,-66.08333333333333,143.23333333333332,0.0,207.7506354602461,0.0,553.5283811305598,1288.8046074615722,0.0,0.0,1402.644283106446,0.0,0.0,0.0,0.10232845684679961,7.013794446391096,0.0,1.0,0.0,553.5283811305598,1288.8046074615722,0.0020292886040313165,0.0,1402.644283106446,1402.644283106446
b09b,2026-07-30,2026-08-09,240.0,-66.08333333333333,143.23333333333332,0.0,207.7506354602461,0.0,1262.8858572907975,-768.6406571983808,1130.660827553831,-1513.2201105197892,756.2288151064788,1888.97565094054,1888.97565094054,0.0,0.10232845684679961,5.914113744221747,0.0,1.0,0.0,132.22502973696646,744.5794533214083,0.0008752648322991653,1888.97565094054,1478.4076394700724,-410.5680114704676
b09b,2026-08-09,2026-08-16,168.0,-66.06666666666666,143.23333333333332,0.002186314410810814,143.2333333333294,1888.9756509405415,2626.961451177543,-1748.858091460116,0.0,0.0,3155.856633315009,0.0,1322.2829556583804,0.0,0.10232845684679961,13.419976486970187,0.0,1.0,0.0,2626.961451177543,-1748.858091460116,0.0052180169201637054,0.0,3155.856633315009,3155.856633315009
b28,2021-03-31,2021-04-12,288.0,-74.66666666666667,-108.76666666666665,0.0,207.7506354602461,0.0,-7896.9673254524505,7115.099491177547,0.0,0.0,10629.521800561803,0.0,0.0,0.22911770967766643,0.22298653369487081,15.412854578841287,1.0,1.0,1.0,-7896.9673254524505,7115.099491177547,0.010252239390973961,0.0,10629.521800561803,10629.521800561803
b28,2021-04-12,2021-04-21,216.0,-74.66666666666667,-108.76666666666665,0.0,207.7506354602461,0.0,-144.44191968220926,269.54607200013646,0.0,0.0,305.80803307333923,0.0,0.0,0.825983458198607,0.04384905554719134,4.719290654725111,1.0,1.0,1.0,-144.44191968220926,269.54607200013646,0.00039327164747085807,0.0,305.80803307333923,305.80803307333923
b28,2021-04-21,2021-05-04,312.0,-74.66666666666667,-108.76666666666665,0.0,207.7506354602461,0.0,-1804.4609019978298,4408.001748979068,0.0,0.0,4763.040894831929,0.0,0.0,0.7665105129126459,0.24824289108803754,6.5462491648648085,1.0,1.0,1.0,-1804.4609019978298,4408.001748979068,0.004240599087279139,0.0,4763.040894831929,4763.040894831929
b28,2021-05-04,2021-05-11,168.0,-74.66666666666667,-108.76666666666665,0.0,207.7506354602461,0.0,141.5129032900604,253.3740033684174,0.0,0.0,290.2142094738312,0.0,0.0,0.8841212186962366,0.059051541422455424,9.701152162126727,1.0,1.0,1.0,141.5129032900604,253.3740033684174,0.0004798515368284246,0.0,290.2142094738312,290.2142094738312
b28,2021-05-11,2021-05-23,288.0,-74.66666666666667,-108.76666666666665,0.0,207.7506354602461,0.0,-1892.0976103474172,1882.5005439195425,0.0,0.0,2669.052578151989,0.0,0.0,0.6473357335198671,0.12766078909337028,11.301365291993644,1.0,1.0,1.0,-1892.0976103474172,1882.5005439195425,0.002574317687260792,0.0,2669.052578151989,2669.052578151989
b28,2021-05-23,2021-05-28,120.0,-74.66666666666667,-108.76666666666665,0.0,207.7506354602461,0.0,2.8820047083923415,-180.8361826414881,0.0,0.0,180.85914658508383,0.0,0.0,0.8585619670338929,0.02929776906967163,2.1709399432252745,1.0,1.0,1.0,2.8820047083923415,-180.8361826414881,0.0004186554319099163,0.0,180.85914658508383,180.85914658508383
b28,2021-05-28,2021-06-08,264.0,-74.66666666666667,-108.76666666666665,0.0,207.7506354602461,0.0,-1.568487128206657,-337.51435085614355,0.0,0.0,337.51799535093727,0.0,0.0,0.8505508583039045,0.01893131797824374,3.0117651277773563,1.0,1.0,1.0,-1.568487128206657,-337.51435085614355,0.0003551325708658852,0.0,337.51799535093727,337.51799535093727
b28,2021-06-08,2021-06-17,216.0,-74.66666666666667,-108.76666666666665,0.0,207.7506354602461,0.0,-0.5197242759584353,-49.96991737086233,0.0,0.0,49.97262005712558,0.0,0.0,0.9500030509661883,0.007647916546813696,2.7668664928608813,1.0,1.0,1.0,-0.5197242759584353,-49.96991737086233,6.426520069074792e-05,0.0,49.97262005712558,49.97262005712558
b28,2021-06-17,2021-06-22,120.0,-74.66666666666667,-108.76666666666665,0.0,207.7506354602461,0.0,-131.3351476039094,325.87724540761815,0.0,0.0,351.347264213908,0.0,0.0,0.8966338075697422,0.0963070548048828,4.045134002627482,1.0,1.0,1.0,-131.3351476039094,325.87724540761815,0.0008133038523470092,0.0,351.347264213908,351.347264213908
b28,2021-06-22,2021-06-28,144.0,-74.66666666666667,-108.76666666666665,0.0,207.7506354602461,0.0,-131.93484972810654,-147.88777081087244,0.0,0.0,198.18576469612339,0.0,0.0,0.9427167568355799,0.11348618684479941,14.259685013437336,1.0,1.0,1.0,-131.93484972810654,-147.88777081087244,0.0003823027868366578,0.0,198.18576469612339,198.18576469612339
b28,2021-06-28,2021-07-06,192.0,-74.66666666666667,-108.76666666666665,0.0,207.7506354602461,0.0,295.4142074504486,817.4713765970978,0.0,0.0,869.2117150148925,0.0,0.0,0.5995742662344128,0.07313243586194246,12.74102133658781,1.0,1.0,1.0,295.4142074504486,817.4713765970978,0.0012575400969544162,0.0,869.2117150148925,869.2117150148925
b28,2021-07-06,2021-07-16,240.0,-74.66666666666667,-108.76666666666665,0.0,207.7506354602461,0.0,11.871697742131465,624.5363657811597,0.0,0.0,624.6491890576814,0.0,0.0,0.7082964561413974,0.05438805966783336,6.709338889149899,1.0,1.0,1.0,11.871697742131465,624.5363657811597,0.0007229735984463904,0.0,624.6491890576814,624.6491890576814
b28,2021-07-16,2021-08-15,720.0,-74.66666666666667,-108.76666666666665,0.0,207.7506354602461,0.0,383.6573826806996,-13.767799421614388,0.0,0.0,383.9043365036641,0.0,0.0,0.9728156367782503,0.044423042587928674,7.178384411564849,1.0,1.0,1.0,383.6573826806996,-13.767799421614388,0.0001481112409350556,0.0,383.9043365036641,383.9043365036641
b28,2021-08-15,2021-09-02,432.0,-74.66666666666667,-108.76666666666665,0.0,207.7506354602461,0.0,-84.33887246762677,535.0632996453998,0.0,0.0,541.6694379753517,0.0,0.0,0.8738975180312991,0.04740498140413119,3.5485795059740113,1.0,1.0,1.0,-84.33887246762677,535.0632996453998,0.00034829567771048846,0.0,541.6694379753517,541.6694379753517
b28,2021-09-02,2021-09-12,240.0,-74.66666666666667,-108.76666666666665,0.0,207.7506354602461,0.0,-427.39751257645923,812.7549883270605,0.0,0.0,918.280624214115,0.0,0.0,0.9332178707700223,0.23405926048716394,9.981213943680045,1.0,1.0,1.0,-427.39751257645923,812.7549883270605,0.0010628247965441147,0.0,918.280624214115,918.280624214115
b28,2021-09-12,2021-10-06,576.0,-74.66666666666667,-108.76666666666665,0.0,207.7506354602461,0.0,2169.7132005336925,2759.876112841063,0.0,0.0,3510.6369124135945,0.0,0.0,0.6947538675740361,0.07426477204548812,4.6165778753118225,1.0,1.0,1.0,2169.7132005336925,2759.876112841063,0.0016930154863105684,0.0,3510.6369124135945,3510.6369124135945
b28,2021-10-06,2021-10-19,312.0,-74.66666666666667,-108.76666666666665,0.0,207.7506354602461,0.0,20.668316581537294,-100.52483273943152,0.0,0.0,102.62758550996575,0.0,0.0,0.8383816026616842,0.026479094141401455,7.062524341153216,1.0,1.0,1.0,20.668316581537294,-100.52483273943152,9.137071359505498e-05,0.0,102.62758550996575,102.62758550996575
b28,2021-10-19,2021-11-10,528.0,-74.66666666666667,-108.76666666666665,0.0,207.7506354602461,0.0,-1140.145452850898,-2270.753970686306,0.0,0.0,2540.916222358424,0.0,0.0,0.3848002559971064,0.03138513777937639,6.881453346886764,1.0,1.0,1.0,-1140.145452850898,-2270.753970686306,0.0013367614806178577,0.0,2540.916222358424,2540.916222358424
b46,2021-03-31,2021-04-12,288.0,-72.45,-112.44999999999999,0.006420133397919362,205.5521276887536,9984.591460444191,-2071.0584601963983,-4138.569623132475,1283.2511575859971,-3098.0423485747306,3511.9923150607897,3353.296874272875,5070.624301844629,0.8514664135873318,0.02985827154697185,9.87107960056188,1.0,1.0,1.0,-3354.3096177823954,-1040.527274557744,0.0033873382668410394,3353.296874272875,4627.854975154899,1274.558100882024
b46,2021-04-12,2021-04-21,216.0,-72.45,-112.54999999999998,0.003234275534599613,157.49999999999767,3353.2968742728735,648.0083674551329,-1646.4365334828317,-6579.040854897117,-13078.871646023355,13525.191794009861,14640.377799208567,13135.876251904518,0.8981978811789304,0.01043001036086344,4.775231908845177,1.0,1.0,1.0,7227.049222352251,11432.435112540523,0.01739350796554766,14640.377799208567,1769.3694083143944,-12871.008390894172
b46,2021-04-21,2021-05-04,312.0,-72.35,-112.83333333333331,0.018827646346718838,206.70368402116017,14640.377799208567,-6504.901816639303,-12751.692275385552,-717.7741973747034,-12535.44098022615,5791.1666099598,12555.97389162426,10843.583464970248,0.8964049187488854,0.03491402846218904,1.9429271457545783,1.0,1.0,1.0,-5787.1276192646,-216.2512951594017,0.005155953178383013,12555.97389162426,14315.006235773873,1759.032344149613
b46,2021-05-04,2021-05-11,168.0,-72.3,-113.16666666666666,0.011178751684138406,183.27715434854775,12555.97389162426,-296.3380545054415,-4557.664858819151,1110.7672748190816,-2590.573566425126,2418.551955287682,2818.6655250081744,4420.56498200676,0.9653004538267851,0.07580640483906023,9.360142961703898,1.0,1.0,1.0,-1407.1053293245232,-1967.091292394025,0.0039989284974994745,2818.6655250081744,4567.288605711606,1748.6230807034312
b46,2021-05-11,2021-05-23,288.0,-72.3,-113.25,0.004660491939497642,156.7916666666699,2818.665525008175,948.8021213935428,-3155.3309577460846,-23572.161387619562,-1439.0036760366056,24580.95666869564,23616.043785181915,25652.591843413647,0.9226508368737996,0.058912581564512165,7.853698693663258,1.0,1.0,1.0,24520.963509013105,-1716.327281709479,0.023708484441257366,23616.043785181915,3294.8958888668562,-20321.14789631506
b46,2021-05-23,2021-05-28,120.0,-72.1,-113.01666666666665,0.022777820008856014,266.50661457947984,23616.043785181915,-6610.906347708353,-265.3306599598859,-4907.0497316122055,16483.260983543703,16835.03636494596,17198.16937118976,17775.76279302093,0.9097186184953898,0.059130350401101005,11.803273630560799,1.0,1.0,1.0,-1703.8566160961473,-16748.59164350359,0.038969991585523056,17198.16937118976,6616.228767000529,-10581.940604189233
b46,2021-05-28,2021-06-08,264.0,-72.11666666666666,-112.51666666666665,0.039810577248124444,343.4217860016404,17198.16937118976,-7131.4907455039665,24074.59504454077,16307.306639600312,-583.7740563687403,34020.76409454467,16317.752357075458,45741.231191709536,0.9281060204375535,0.010231668812297978,4.687587195618576,1.0,1.0,1.0,-23438.797385104277,24658.36910090951,0.035796258516987235,16317.752357075458,25108.649641345422,8790.897284269964
b46,2021-06-08,2021-06-17,216.0,-72.25,-112.71666666666667,0.01716935222756256,92.05021671203787,16317.752357075458,8815.421294293687,-336.5531922693931,50217.1351808561,-31980.16124427796,52109.69049316947,59535.6311714455,48499.06857730027,0.9788430423941463,0.043950892081983134,5.862096531477004,1.0,1.0,1.0,-41401.713886562415,31643.608052008567,0.06701349086055745,59535.6311714455,8821.843381465877,-50713.78778997962
b46,2021-06-17,2021-06-22,120.0,-72.55,-114.18333333333334,0.07656331169167374,122.49051804034389,59535.6311714455,18381.795144963417,-11886.120429755021,19150.985748641193,2568.0850506254937,14474.657517670264,19322.404508029125,22136.46706738287,0.9618671215139329,0.1398920004796378,5.771418066216718,1.0,1.0,1.0,-769.1906036777764,-14454.205480380515,0.03350615166127376,19322.404508029125,21889.95778027085,2567.5532722417265
b46,2021-06-22,2021-06-28,144.0,-72.71666666666667,-114.35,0.04472778821303038,82.36238411021989,19322.404508029125,15074.49329781241,1979.8418287495467,-4532.059793330263,-42991.361118379165,49059.41315005342,43229.58127001931,53662.88917045419,0.9609134180936962,0.14652063201366627,10.82796575509715,1.0,1.0,1.0,19606.553091142676,44971.20294712871,0.09463621363822033,43229.58127001931,15203.950863267668,-28025.630406751647
b46,2021-06-28,2021-07-06,192.0,-72.51666666666667,-115.46666666666667,0.08339039596840145,186.0177757594269,43229.58127001931,-4229.390720248237,-37881.289844344,-24930.487311763456,-50360.69712177594,24171.69845267941,56193.67412968519,20129.677512496222,0.9435941639821976,0.10923580257040744,10.859385183438064,1.0,1.0,1.0,20701.09659151522,12479.407277431943,0.03497062854843665,56193.67412968519,38116.66126690167,-18077.012862783522
b46,2021-07-06,2021-07-16,240.0,-72.11666666666666,-116.48333333333332,0.08129871835891955,206.337184799205,56193.67412968519,-20786.07990563985,-41813.36735645318,46743.005704206415,-61409.59708090662,70314.93171948259,77175.43129716069,77921.35943761599,0.9582811966538429,0.04919826047577029,4.757552755075468,1.0,1.0,1.0,-67529.08560984627,19596.229724453442,0.08138302282347522,77175.43129716069,46694.954840211045,-30480.47645694964
b46,2021-07-16,2021-08-15,720.0,-72.23333333333333,-118.71666666666667,0.08932341585319524,142.72277864315555,77175.43129716069,93005.37451964883,-122191.04638422186,32623.984864267055,-121178.35269051348,60389.881314938204,125493.09761580675,124716.48153630087,0.9904400759842247,0.035068410068290895,9.550250800493261,1.0,1.0,1.0,60381.389655381776,-1012.693693708381,0.023298565322121222,125493.09761580675,153559.9280607125,28066.830444905747
b46,2021-08-15,2021-09-02,432.0,-71.93333333333334,-122.25,0.04841554691967853,164.93193341680663,125493.09761580675,13079.12615998792,-48159.64838085006,46101.70458285906,-50078.42861376237,33078.27690912708,68067.73228093398,34867.62307437493,0.9575945301912725,0.03662729740215637,5.306814968003575,1.0,1.0,1.0,-33022.57842287114,1918.7802329123078,0.021269468177165046,68067.73228093398,49904.06068924647,-18163.67159168751
b46,2021-09-02,2021-09-12,240.0,-72.03333333333333,-124.19999999999999,0.04376783197076516,137.36763860852886,68067.73228093398,16928.25532678434,-18365.407912085135,31970.706127421232,-64550.42319979356,48572.94476573807,72033.90302877095,37275.42460394908,0.9272667614277452,0.029208621119696118,7.0232153803424815,1.0,1.0,1.0,-15042.450800636892,46185.01528770842,0.0562186860714561,72033.90302877095,24977.070208214605,-47056.832820556345
b46,2021-09-12,2021-10-06,576.0,-71.93333333333334,-126.26666666666665,0.08337257294996638,153.65158292123024,72033.90302877095,50661.71294157807,-102345.45115440017,132209.35993950767,-68905.8181096015,88137.550391815,149088.31820423686,102355.30014333654,0.913075654534623,0.041523121032393855,3.374176448969836,1.0,1.0,1.0,-81547.64699792961,-33439.63304479867,0.0425046057059293,149088.31820423686,114198.07586020252,-34890.24234403434
b46,2021-10-06,2021-10-19,312.0,-72.48333333333333,-130.26666666666668,0.07189830160312348,117.52794628514417,149088.31820423686,46947.64452363006,-25121.51217247996,37092.46843281994,-23032.370919986628,10074.175249306756,43661.66882559105,37362.349654516576,0.9231849107891321,0.09864043041969298,8.141909511991235,1.0,1.0,1.0,9855.17609081012,-2089.141252493333,0.008969173120821542,43661.66882559105,53246.330391391195,9584.661565800146
b46,2021-10-19,2021-11-10,528.0,-72.6,-131.51666666666668,0.038872568398852426,121.83799346998548,43661.66882559105,41423.058182904366,-26464.58155506606,4788.370715786237,-84758.32214810513,68849.5498761027,84893.47246681436,73877.85191087621,0.8934293640777469,0.04678797052861513,2.7316971677418413,1.0,1.0,1.0,36634.68746711813,58293.74059303907,0.036221354101485005,84893.47246681436,49155.30313312108,-35738.16933369328
c15,2021-03-31,2021-04-12,288.0,-65.96666666666667,143.2833333333333,0.001919309245398789,193.98151279343975,2984.9097384441957,-1656.3907062918472,-708.0527424534481,0.0,0.0,1801.379709552057,0.0,1989.9398256294648,0.8454390079714358,0.10785605658507197,3.088922649698789,1.0,1.0,1.0,-1656.3907062918472,-708.0527424534481,0.0017374418494907958,0.0,1801.379709552057,1801.379709552057
c15,2021-04-12,2021-04-21,216.0,-65.96666666666667,143.2833333333333,0.0,207.7506354602461,0.0,-98.6917027284724,89.09320391701034,0.0,0.0,132.957328386378,0.0,0.0,0.911282692104578,0.058535105759326835,9.462468896550895,1.0,1.0,1.0,-98.6917027284724,89.09320391701034,0.00017098421860388117,0.0,132.957328386378,132.957328386378
c15,2021-04-21,2021-05-04,312.0,-65.96666666666667,143.2833333333333,0.0,207.7506354602461,0.0,-427.95732421074626,35.29016481543378,0.0,0.0,429.40990565929224,0.0,0.0,0.9336375002749264,0.10376293212175369,8.815551766066047,1.0,1.0,1.0,-427.95732421074626,35.29016481543378,0.0003823093889416776,0.0,429.40990565929224,429.40990565929224
c15,2021-05-04,2021-05-11,168.0,-65.96666666666667,143.2833333333333,0.0,207.7506354602461,0.0,-123.3726535646131,65.70421304243705,0.0,0.0,139.77787828944892,0.0,0.0,0.9364986105356365,0.07979291765321048,9.945929566199004,1.0,1.0,1.0,-123.3726535646131,65.70421304243705,0.00023111421674842746,0.0,139.77787828944892,139.77787828944892
c15,2021-05-11,2021-05-23,288.0,-65.96666666666667,143.2833333333333,0.0,207.7506354602461,0.0,-736.5867346011327,150.2464126549626,0.0,0.0,751.7539505091042,0.0,0.0,0.9160512092057616,0.11017139641089682,2.0982375074976396,1.0,1.0,1.0,-736.5867346011327,150.2464126549626,0.0007250713257225157,0.0,751.7539505091042,751.7539505091042
c15,2021-05-23,2021-05-28,120.0,-65.96666666666667,143.2833333333333,0.0,207.7506354602461,0.0,-31.875495624804802,112.40154357872449,0.0,0.0,116.83387445517181,0.0,0.0,0.9081545448862016,0.044707272707726765,3.040678966719657,1.0,1.0,1.0,-31.875495624804802,112.40154357872449,0.00027044878346104583,0.0,116.83387445517181,116.83387445517181
c15,2021-05-28,2021-06-08,264.0,-65.96666666666667,143.2833333333333,0.0,207.7506354602461,0.0,-359.5789359358958,-18.269585419190612,0.0,0.0,360.0427598496881,0.0,0.0,0.8972441777586937,0.04872650628420035,3.5231677610799537,1.0,1.0,1.0,-359.5789359358958,-18.269585419190612,0.0003788328702122139,0.0,360.0427598496881,360.0427598496881
c15,2021-06-08,2021-06-17,216.0,-65.96666666666667,143.2833333333333,0.0,207.7506354602461,0.0,-357.4669835087253,11.78018817210058,0.0,0.0,357.6610366425135,0.0,0.0,0.9176152828149498,0.07302537915590428,4.908877896741449,1.0,1.0,1.0,-357.4669835087253,11.78018817210058,0.0004599550368345081,0.0,357.6610366425135,357.6610366425135
c15,2021-06-17,2021-06-22,120.0,-65.96666666666667,143.2833333333333,0.0,207.7506354602461,0.0,-31.27642162326063,20.25393968655659,0.0,0.0,37.26173133903787,0.0,0.0,0.9337900928221643,0.054446252529263515,10.502516106696307,1.0,1.0,1.0,-31.27642162326063,20.25393968655659,8.625400772925433e-05,0.0,37.26173133903787,37.26173133903787
c15,2021-06-22,2021-06-28,144.0,-65.96666666666667,143.2833333333333,0.0,207.7506354602461,0.0,-296.08643375533467,121.32105838239791,0.0,0.0,319.97808590742176,0.0,0.0,0.8810312196146697,0.053507572676246756,4.3027757994875895,1.0,1.0,1.0,-296.08643375533467,121.32105838239791,0.0006172416780621562,0.0,319.97808590742176,319.97808590742176
c15,2021-06-28,2021-07-06,192.0,-65.96666666666667,143.2833333333333,0.0,207.7506354602461,0.0,-465.6251423585356,-98.12689038285006,0.0,0.0,475.85256100247517,0.0,0.0,0.9165852831210941,0.13550355664789074,10.988310887824028,1.0,1.0,1.0,-465.6251423585356,-98.12689038285006,0.0006884440986725625,0.0,475.85256100247517,475.85256100247517
c15,2021-07-06,2021-07-16,240.0,-65.96666666666667,143.2833333333333,0.0,207.7506354602461,0.0,-410.2165692594603,218.07468483167165,0.0,0.0,464.5795969039477,0.0,0.0,0.9023560280911624,0.08058042415385451,3.7280300375510866,1.0,1.0,1.0,-410.2165692594603,218.07468483167165,0.0005377078667869765,0.0,464.5795969039477,464.5795969039477
c15,2021-07-16,2021-08-15,720.0,-65.96666666666667,143.2833333333333,0.0,207.7506354602461,0.0,-1031.910198905654,395.43283011018724,2469.3919224571437,1843.9824088881724,3789.1176317498384,3081.9097311546316,3081.9097311546316,0.9144489874597639,0.08295871745722959,7.303978446025147,1.0,1.0,1.0,-3501.3021213627976,-1448.549578777985,0.001461850938175092,3081.9097311546316,1105.0817986621887,-1976.8279324924429
c15,2021-08-15,2021-09-02,432.0,-65.96666666666667,143.21666666666667,0.0011890083839331128,53.2499999999942,3081.909731154632,-450.46632581009715,49.684170207899406,0.0,0.0,453.1980002803367,0.0,1849.145838692777,0.8831293671391904,0.1461655009314263,16.629332304654493,1.0,1.0,1.0,-450.46632581009715,49.684170207899406,0.00029140817919260335,0.0,453.1980002803367,453.1980002803367
c15,2021-09-02,2021-09-12,240.0,-65.96666666666667,143.21666666666667,0.0,207.7506354602461,0.0,-166.9877563960754,-109.73785842240643,0.0,0.0,199.8181882545509,0.0,0.0,0.9384823136497289,0.06854106644151504,13.849435453522535,1.0,1.0,1.0,-166.9877563960754,-109.73785842240643,0.00023127105122054502,0.0,199.8181882545509,199.8181882545509
c15,2021-09-12,2021-10-06,576.0,-65.96666666666667,143.21666666666667,0.0,207.7506354602461,0.0,-192.32579084313028,-326.44797113168977,0.0,0.0,378.8898094161837,0.0,0.0,0.8790475165005773,0.013483518182196064,4.292013073052332,1.0,1.0,1.0,-192.32579084313028,-326.44797113168977,0.00018272078000394662,0.0,378.8898094161837,378.8898094161837
c15,2021-10-06,2021-10-19,312.0,-65.96666666666667,143.21666666666667,0.0,207.7506354602461,0.0,-800.3221053142792,-348.91238118356165,-514.9325149226934,1974.5467239310965,2340.9206375791737,2040.5857639196731,2040.5857639196731,0.8533738204278052,0.07486433590958298,2.2906153080467355,1.0,1.0,1.0,-285.3895903915858,-2323.459105114658,0.0020841529892976973,2040.5857639196731,873.0723463710572,-1167.513417548616
c15,2021-10-19,2021-11-10,528.0,-65.98333333333333,143.2,0.0018167608297005623,345.38365317050943,2040.585763919673,-1485.2301859153913,2547.6713635751735,-1336.9103057580069,-3357.8029189794324,5907.336564710337,3614.162366074436,6715.495586935691,0.7226783037185669,0.02516620759775212,3.568162234059109,1.0,1.0,1.0,-148.31988015738443,5905.474282554605,0.0031078159536565325,3614.162366074436,2948.9893322857665,-665.1730337886693
c15,2026-04-22,2026-04-30,192.0,-65.86666666666666,143.13333333333333,0.0,207.7506354602461,0.0,-6.058420768997737,209.2090862986674,0.0,0.0,209.29678987537645,0.0,0.0,0.8119449438527226,0.03225158189964361,5.020410303641087,1.0,1.0,1.0,-6.058420768997737,209.2090862986674,0.00030280206868544044,0.0,209.29678987537645,209.29678987537645
c15,2026-04-30,2026-05-07,168.0,-65.86666666666666,143.13333333333333,0.0,207.7506354602461,0.0,233.4738210678074,-22.348585629582743,0.0,0.0,234.54100793602242,0.0,0.0,0.8911023277323693,0.053158302803492145,5.369658716489681,1.0,1.0,1.0,233.4738210678074,-22.348585629582743,0.0003877992856085027,0.0,234.54100793602242,234.54100793602242
c15,2026-05-07,2026-05-14,168.0,-65.86666666666666,143.13333333333333,0.0,207.7506354602461,0.0,23.282971027554392,15.662166904656655,0.0,0.0,28.060652380499985,0.0,0.0,0.9090319520328194,0.021981802531325825,5.227286798354964,1.0,1.0,1.0,23.282971027554392,15.662166904656655,4.639658131696426e-05,0.0,28.060652380499985,28.060652380499985
c15,2026-05-14,2026-05-21,168.0,-65.86666666666666,143.13333333333333,0.0,207.7506354602461,0.0,-165.59856112200274,-114.10876547860349,0.0,0.0,201.1061754514978,0.0,0.0,0.8720282593276352,0.053116236084054684,9.036470746596144,1.0,1.0,1.0,-165.59856112200274,-114.10876547860349,0.00033251682448991036,0.0,201.1061754514978,201.1061754514978
c15,2026-05-21,2026-05-28,168.0,-65.86666666666666,143.13333333333333,0.0,207.7506354602461,0.0,124.88402551521338,10.43695212780586,3402.742716432549,-4537.523342071101,5606.094936337782,5671.664312534272,5671.664312534272,0.8714941854123026,0.022217810243538888,3.3031204056262373,1.0,1.0,1.0,-3277.8586909173355,4547.960294198907,0.009269336865637868,5671.664312534272,125.31939115157948,-5546.3449213826925
c15,2026-05-28,2026-06-04,168.0,-65.81666666666666,143.13333333333333,0.009377751839507724,143.1333333333341,5671.664312534271,1891.0544217319307,-3254.3758171586123,1860.4920128858648,1396.4738204148598,4650.950054790072,2326.2780704628094,6131.138520452924,0.8592486334964633,0.08536895030994601,7.39843046400507,1.0,1.0,1.0,30.562408846065864,-4650.849637573472,0.007690062921279881,2326.2780704628094,3763.9140246900797,1437.6359542272703
c15,2026-06-04,2026-06-13,216.0,-65.81666666666666,143.08333333333334,0.0038463592434900967,53.10833333333639,2326.2780704628094,834.3501641680441,896.1598036972438,-1135.635179647943,1511.608069554437,2063.8844015100312,1890.668193310531,3539.098328488428,0.8786278869956732,0.12198244790285845,5.748001610005423,1.0,1.0,1.0,1969.985343815987,-615.4482658571932,0.0026541723270447934,1890.668193310531,1224.4356210964809,-666.2325722140502
c15,2026-06-13,2026-06-21,192.0,-65.83333333333333,143.08333333333334,0.002431414857652428,323.08333333332683,1890.668193310532,-992.0454103076924,1164.5223458568498,0.0,0.0,1529.7929239320263,0.0,1680.5939496093583,0.8913312165532261,0.056550723892279935,6.471519327522629,1.0,1.0,1.0,-992.0454103076924,1164.5223458568498,0.0022132420774479545,0.0,1529.7929239320263,1529.7929239320263
c15,2026-06-21,2026-06-28,168.0,-65.83333333333333,143.08333333333334,0.0,207.7506354602461,0.0,-68.39822440539909,177.08129060885423,0.0,0.0,189.83176916814745,0.0,0.0,0.9022034355439246,0.03895386180181179,10.339529088993507,1.0,1.0,1.0,-68.39822440539909,177.08129060885423,0.0003138752797092385,0.0,189.83176916814745,189.83176916814745
c15,2026-06-28,2026-07-05,168.0,-65.83333333333333,143.08333333333334,0.0,207.7506354602461,0.0,-966.7148356557799,139.10797286284568,0.0,0.0,976.6722078522516,0.0,0.0,0.0,0.07046538127370594,5.581440051588045,0.0,1.0,0.0,-966.7148356557799,139.10797286284568,0.0016148680685387758,0.0,976.6722078522516,976.6722078522516
c15,2026-07-05,2026-07-12,168.0,-65.83333333333333,143.08333333333334,0.0,207.7506354602461,0.0,-78.0354635384466,-581.4878275988127,0.0,0.0,586.7006282724152,0.0,0.0,0.0,0.10232845684679961,3.3528489483002737,0.0,1.0,0.0,-78.0354635384466,-581.4878275988127,0.0009700737901329617,0.0,586.7006282724152,586.7006282724152
c15,2026-07-12,2026-07-19,168.0,-65.83333333333333,143.08333333333334,0.0,207.7506354602461,0.0,1354.9937336335176,-1032.4733176931734,0.0,0.0,1703.5284470575914,0.0,0.0,0.0,0.10232845684679961,9.735243643653666,0.0,1.0,0.0,1354.9937336335176,-1032.4733176931734,0.0028166806333624196,0.0,1703.5284470575914,1703.5284470575914
c15,2026-07-19,2026-07-22,72.0,-65.83333333333333,143.08333333333334,0.0,207.7506354602461,0.0,-768.7398312240526,-80.44768099363394,0.0,0.0,772.9377448977624,0.0,0.0,0.0,0.10232845684679961,10.306678659944689,0.0,1.0,0.0,-768.7398312240526,-80.44768099363394,0.0029820129046981576,0.0,772.9377448977624,772.9377448977624
c15,2026-07-22,2026-07-30,192.0,-65.83333333333333,143.08333333333334,0.0,207.7506354602461,0.0,-639.9287922958656,1159.7135926301426,0.0,0.0,1324.5544443851138,0.0,0.0,0.0,0.10232845684679961,6.623313350264395,0.0,1.0,0.0,-639.9287922958656,1159.7135926301426,0.001916311406807167,0.0,1324.5544443851138,1324.5544443851138
c15,2026-07-30,2026-08-09,240.0,-65.83333333333333,143.08333333333334,0.0,207.7506354602461,0.0,1358.3370426143397,-705.169280768404,0.0,0.0,1530.4715730380942,0.0,0.0,0.0,0.10232845684679961,6.122386494491932,0.0,1.0,0.0,1358.3370426143397,-705.169280768404,0.0017713791354607572,0.0,1530.4715730380942,1530.4715730380942
c15,2026-08-09,2026-08-16,168.0,-65.83333333333333,143.08333333333334,0.0,207.7506354602461,0.0,2122.369159127462,-931.5446746440637,0.0,0.0,2317.8063612979245,0.0,0.0,0.0,0.10232845684679961,13.245689958990637,0.0,1.0,0.0,2122.369159127462,-931.5446746440637,0.003832351787860325,0.0,2317.8063612979245,2317.8063612979245
c18c,2026-04-30,2026-05-07,168.0,-68.48333333333333,39.05,0.0029853867933254292,309.074999999999,2063.4993515465358,-1085.7183567953548,691.0442122155627,-1714.1872640934307,-1022.1355209131725,1824.8172416555808,1995.7953300608165,2182.7329073237665,0.9126560250297189,0.07644993217454123,10.0228209185346,1.0,1.0,1.0,628.4689072980759,1713.1797331287353,0.003017224275224175,1995.7953300608165,1286.983470569468,-708.8118594913485
c18c,2026-05-07,2026-05-14,168.0,-68.5,39.03333333333333,0.0032999261409735713,239.1932230152771,1995.795330060817,-1665.2563475327163,-654.772447523912,1067.4910612979438,-865.9807416042313,2740.897178655012,1374.5762295269133,2786.0578998027268,0.8234275330323726,0.07647916546813703,4.365476806493727,1.0,1.0,1.0,-2732.74740883066,211.20829408031932,0.004531906710739107,1374.5762295269133,1789.3590084257705,414.78277889885726
c18c,2026-05-14,2026-05-21,168.0,-68.5,39.06666666666667,0.002272778157286562,129.0500000000008,1374.5762295269124,102.59869212182971,-590.2747223477066,112.46438993350603,2321.3722998758312,2911.6637364257067,2324.095005294302,3327.355609797312,0.9583574929274619,0.32319087095861476,6.05725579857286,1.0,1.0,1.0,-9.865697811676313,-2911.647022223538,0.0048142588234552025,2324.095005294302,599.124978170475,-1724.970027123827
c18c,2026-05-21,2026-05-28,168.0,-68.48333333333333,39.03333333333333,0.0038427496780659744,2.7736612996567658,2324.095005294301,-1029.251682254818,1929.9955656786249,0.0,0.0,2187.290997778651,0.0,2324.0950052943012,0.8968245482537895,0.24821887784611654,3.715487595411051,1.0,1.0,1.0,-1029.251682254818,1929.9955656786249,0.0036165525756922143,0.0,2187.290997778651,2187.290997778651
c18c,2026-05-28,2026-06-04,168.0,-68.48333333333333,39.03333333333333,0.0,207.7506354602461,0.0,-95.54976673647066,-277.0846224354285,-5028.660474613309,-750.186757851392,4955.744836722757,5084.309819493078,5084.309819493078,0.9645374910905957,0.18296858154612977,8.464821567031038,1.0,1.0,1.0,4933.110707876838,473.1021354159635,0.00819402254749133,5084.309819493078,293.09664944106396,-4791.213170052014
c18c,2026-06-04,2026-06-13,216.0,-68.51666666666667,38.95,0.008406596923765011,261.5150638998508,5084.309819493077,-4736.535417581198,-987.0759626913967,0.0,0.0,4838.293781709027,0.0,6536.969767919672,0.9310434269718826,0.1422005354697761,3.672572764909143,1.0,1.0,1.0,-4736.535417581198,-987.0759626913967,0.006222085624625806,0.0,4838.293781709027,4838.293781709027
c18c,2026-06-13,2026-06-21,192.0,-68.51666666666667,38.95,0.0,207.7506354602461,0.0,-240.45707422903055,-36.96637968345782,0.0,0.0,243.281971739969,0.0,0.0,0.9494308289140463,0.08243613765864077,3.178148470760169,1.0,1.0,1.0,-240.45707422903055,-36.96637968345782,0.0003519704452256496,0.0,243.281971739969,243.281971739969
c18c,2026-06-21,2026-06-28,168.0,-68.51666666666667,38.95,0.0,207.7506354602461,0.0,-19.895479013118976,-55.91012458265563,-8333.264760309597,-500.7125781592913,8325.260237969243,8348.294116245826,8348.294116245826,0.9761726728174835,0.10536623118109652,16.935689562439904,1.0,1.0,1.0,8313.369281296478,444.8024535766357,0.013765311240028512,8348.294116245826,59.34452052219759,-8288.949595723629
c18c,2026-06-28,2026-07-05,168.0,-68.56666666666666,38.8,0.013803396356226565,266.56145968325,8348.294116245826,-1936.238829131234,1352.091336094618,13361.925234922906,1250.8993360106833,15298.498735222305,13420.350037629478,21765.78538043364,0.0,0.10154916506835314,22.655422904321178,0.0,1.0,0.0,-15298.16406405414,101.19200008393477,0.025295136797655927,13420.350037629478,2361.6036467996955,-11058.746390829783
c18c,2026-07-05,2026-07-12,168.0,-68.48333333333333,39.03333333333333,0.022189732205075193,84.65174607949314,13420.350037629478,7964.03790557473,100.4119512289426,0.0,0.0,7964.670885942541,0.0,13420.350037629476,0.0,0.10232845684679961,6.597449514349843,0.0,1.0,0.0,7964.03790557473,100.4119512289426,0.013169098687074306,0.0,7964.670885942541,7964.670885942541
c18c,2026-07-12,2026-07-19,168.0,-68.48333333333333,39.03333333333333,0.0,207.7506354602461,0.0,-188.26396012565291,130.0537657575671,-112.46438993350603,-2321.3722998758312,2452.5976698407253,2324.095005294302,2324.095005294302,0.0,0.10232845684679961,1.3076335623380375,0.0,1.0,0.0,-75.79957019214689,2451.426065633398,0.0040552210149482895,2324.095005294302,228.81717739260216,-2095.2778279017
c18c,2026-07-19,2026-07-22,72.0,-68.5,39.06666666666667,0.0038427496780659744,182.77366129965677,2324.095005294301,1052.252368842603,-64.39315605426671,112.46438993350603,2321.3722998758312,2564.1915404297306,2324.095005294302,3320.135721849003,0.0,0.10232845684679961,16.49273578229584,0.0,1.0,0.0,939.7879789090969,-2385.765455930098,0.009892714276349268,2324.095005294302,1054.2208147639176,-1269.8741905303846
c18c,2026-07-22,2026-07-30,192.0,-68.48333333333333,39.03333333333333,0.008966415915487275,2.7736612996567658,2324.095005294301,-310.2366368048099,4288.5263162185865,0.0,0.0,4299.733100520929,0.0,6197.586680784804,0.0,0.10232845684679961,2.707133200964977,0.0,1.0,0.0,-310.2366368048099,4288.5263162185865,0.006220678675522178,0.0,4299.733100520929,4299.733100520929
c18c,2026-07-30,2026-08-09,240.0,-68.48333333333333,39.03333333333333,0.0,207.7506354602461,0.0,1621.7432547987432,407.7768928633816,0.0,0.0,1672.224021726316,0.0,0.0,0.0,0.10232845684679961,6.689442618041593,0.0,1.0,0.0,1621.7432547987432,407.7768928633816,0.0019354444695906436,0.0,1672.224021726316,1672.224021726316
c18c,2026-08-09,2026-08-16,168.0,-68.48333333333333,39.03333333333333,0.0,207.7506354602461,0.0,-946.203358515482,-939.918013919249,-534.3578193306457,433.1006172953639,1433.4562810943687,687.8331365828694,687.8331365828694,0.0,0.10232845684679961,7.621746231620795,0.0,1.0,0.0,-411.8455391848363,-1373.018631214613,0.00237013273990471,687.8331365828694,1333.6966178842486,645.8634813013791
c24,2021-03-31,2021-04-12,288.0,-64.83333333333333,96.01666666666668,0.0,207.7506354602461,0.0,-19225.053210110582,-2093.131541286669,0.0,0.0,19338.662585109454,0.0,0.0,0.1324884791392834,0.2727234820008208,3.6625208707726316,1.0,1.0,1.0,-19225.053210110582,-2093.131541286669,0.018652259437798472,0.0,19338.662585109454,19338.662585109454
c24,2021-04-12,2021-04-21,216.0,-64.83333333333333,96.01666666666668,0.0,207.7506354602461,0.0,-1661.7399335550067,-218.01189586934592,0.0,0.0,1675.979950211799,0.0,0.0,0.7234031183179468,0.09268185423612654,1.5634501993034364,1.0,1.0,1.0,-1661.7399335550067,-218.01189586934592,0.002155324010046038,0.0,1675.979950211799,1675.979950211799
c24,2021-04-21,2021-05-04,312.0,-64.83333333333333,96.01666666666668,0.0,207.7506354602461,0.0,-2131.190015263289,-2230.1548809172345,0.0,0.0,3084.7304054061033,0.0,0.0,0.6673253572080284,0.10565753032773285,5.756679988707119,1.0,1.0,1.0,-2131.190015263289,-2230.1548809172345,0.0027463767854399067,0.0,3084.7304054061033,3084.7304054061033
c24,2021-05-04,2021-05-11,168.0,-64.83333333333333,96.01666666666668,0.0,207.7506354602461,0.0,-1060.8837985021532,-297.75099582221463,0.0,0.0,1101.8757141517722,0.0,0.0,0.7784127315972,0.1319134108391723,8.281190400988764,1.0,1.0,1.0,-1060.8837985021532,-297.75099582221463,0.0018218844480022687,0.0,1101.8757141517722,1101.8757141517722
c24,2021-05-11,2021-05-23,288.0,-64.83333333333333,96.01666666666668,0.0,207.7506354602461,0.0,-1048.3720725860837,30.59270313412375,0.0,0.0,1048.8183427379088,0.0,0.0,0.8602404850535095,0.07472736074535911,8.505749442206382,1.0,1.0,1.0,-1048.3720725860837,30.59270313412375,0.001011591765758014,0.0,1048.8183427379088,1048.8183427379088
c24,2021-05-23,2021-05-28,120.0,-64.83333333333333,96.01666666666668,0.0,207.7506354602461,0.0,-537.3983914621051,-425.6054617747953,0.0,0.0,685.519540376928,0.0,0.0,0.810914944158867,0.13678966527386188,8.648019080792288,1.0,1.0,1.0,-537.3983914621051,-425.6054617747953,0.0015868507879095556,0.0,685.519540376928,685.519540376928
c24,2021-05-28,2021-06-08,264.0,-64.83333333333333,96.01666666666668,0.0,207.7506354602461,0.0,-459.52920684196033,-305.4232285240502,0.0,0.0,551.7702787055999,0.0,0.0,0.8344904927071184,0.047061876908472806,6.673236363248444,1.0,1.0,1.0,-459.52920684196033,-305.4232285240502,0.0005805663706919191,0.0,551.7702787055999,551.7702787055999
c24,2021-06-08,2021-06-17,216.0,-64.83333333333333,96.01666666666668,0.0,207.7506354602461,0.0,24.192144180011823,-68.24164531939917,0.0,0.0,72.40291427784626,0.0,0.0,0.9658345277421176,0.04767143570441476,11.610239202453196,1.0,1.0,1.0,24.192144180011823,-68.24164531939917,9.311074367006979e-05,0.0,72.40291427784626,72.40291427784626
c24,2021-06-17,2021-06-22,120.0,-64.83333333333333,96.01666666666668,0.0,207.7506354602461,0.0,166.60078443418612,-73.24416020815524,0.0,0.0,181.99046232889256,0.0,0.0,0.8090456854552031,0.014508333766211218,3.63435031614394,1.0,1.0,1.0,166.60078443418612,-73.24416020815524,0.000421274218353918,0.0,181.99046232889256,181.99046232889256
c24,2021-06-22,2021-06-28,144.0,-64.83333333333333,96.01666666666668,0.0,207.7506354602461,0.0,56.19274597482802,5.546909785307152,0.0,0.0,56.465856128795984,0.0,0.0,0.9418393496889621,0.039377156532532306,4.7810614288309745,1.0,1.0,1.0,56.19274597482802,5.546909785307152,0.00010892333358178238,0.0,56.465856128795984,56.465856128795984
c24,2021-06-28,2021-07-06,192.0,-64.83333333333333,96.01666666666668,0.0,207.7506354602461,0.0,-21.584392776787254,-228.15306715020878,0.0,0.0,229.1717872286864,0.0,0.0,0.8518478949554265,0.043623324365526704,11.421137808519074,1.0,1.0,1.0,-21.584392776787254,-228.15306715020878,0.00033155640513409494,0.0,229.1717872286864,229.1717872286864
c24,2021-07-06,2021-07-16,240.0,-64.83333333333333,96.01666666666668,0.0,207.7506354602461,0.0,267.54815296621797,-128.7880618880512,0.0,0.0,296.93160667149476,0.0,0.0,0.9386730543337762,0.03689080653630611,11.079157545699365,1.0,1.0,1.0,267.54815296621797,-128.7880618880512,0.0003436708410549708,0.0,296.93160667149476,296.93160667149476
c24,2021-07-16,2021-08-15,720.0,-64.83333333333333,96.01666666666668,0.0,207.7506354602461,0.0,696.3582748175407,652.0013637746839,0.0,0.0,953.9500119350643,0.0,0.0,0.8305993827525526,0.06965979308380023,12.042015485908838,1.0,1.0,1.0,696.3582748175407,652.0013637746839,0.00036803627003667604,0.0,953.9500119350643,953.9500119350643
c24,2021-08-15,2021-09-02,432.0,-64.83333333333333,96.01666666666668,0.0,207.7506354602461,0.0,-1572.0759789409724,-1318.984898958879,0.0,0.0,2052.107221186257,0.0,0.0,0.896862696390599,0.18413868149033816,9.490604217582868,1.0,1.0,1.0,-1572.0759789409724,-1318.984898958879,0.001319513388108447,0.0,2052.107221186257,2052.107221186257
c24,2021-09-02,2021-09-12,240.0,-64.83333333333333,96.01666666666668,0.0,207.7506354602461,0.0,900.6821858133866,-10.794830798462673,0.0,0.0,900.746872441724,0.0,0.0,0.727904598461464,0.026415704810607538,8.9393991755103,1.0,1.0,1.0,900.6821858133866,-10.794830798462673,0.0010425311023631065,0.0,900.746872441724,900.746872441724
c24,2021-09-12,2021-10-06,576.0,-64.83333333333333,96.01666666666668,0.0,207.7506354602461,0.0,-208.9924264643545,-0.9730730781451169,0.0,0.0,208.99469177630814,0.0,0.0,0.9371471288613975,0.016882005277333634,9.254789943368488,1.0,1.0,1.0,-208.9924264643545,-0.9730730781451169,0.00010078833515446959,0.0,208.99469177630814,208.99469177630814
c24,2021-10-06,2021-10-19,312.0,-64.83333333333333,96.01666666666668,0.0,207.7506354602461,0.0,-16.131008351374913,-121.88130732386689,0.0,0.0,122.9441438434829,0.0,0.0,0.9825815598014742,0.11658709722542811,16.709268257109848,1.0,1.0,1.0,-16.131008351374913,-121.88130732386689,0.0001094588175244684,0.0,122.9441438434829,122.9441438434829
c24,2021-10-19,2021-11-10,528.0,-64.83333333333333,96.01666666666668,0.0,207.7506354602461,0.0,-1422.0751251385916,-1111.9159057994652,0.0,0.0,1805.1744079472726,0.0,0.0,0.8543656719848514,0.09160637840404087,2.695246777216937,1.0,1.0,1.0,-1422.0751251385916,-1111.9159057994652,0.0009496919233729338,0.0,1805.1744079472726,1805.1744079472726
c24,2021-11-10,2021-12-05,600.0,-64.83333333333333,96.01666666666668,0.0,207.7506354602461,0.0,-1067.2483815934806,-81.27917899840932,0.0,0.0,1070.3389243377815,0.0,0.0,0.7805108791217208,0.007349830358334725,6.50178513672653,1.0,1.0,1.0,-1067.2483815934806,-81.27917899840932,0.00049552727978601,0.0,1070.3389243377815,1070.3389243377815
c24,2021-12-05,2021-12-31,624.0,-64.83333333333333,96.01666666666668,0.0,207.7506354602461,0.0,-28046.30556506107,-18137.77084902849,0.0,0.0,33400.20938887424,0.0,0.0,0.15202032518573105,0.22498910832646965,1.9020048448250133,1.0,1.0,1.0,-28046.30556506107,-18137.77084902849,0.014868326829092877,0.0,33400.20938887424,33400.20938887424
c24,2026-04-22,2026-04-30,192.0,-64.83333333333333,96.01666666666668,0.0,207.7506354602461,0.0,-7488.352094354622,-638.8637916185288,0.0,0.0,7515.554805419654,0.0,0.0,0.4117709887214005,0.25715135832174424,7.588154920647766,1.0,1.0,1.0,-7488.352094354622,-638.8637916185288,0.010873198503211305,0.0,7515.554805419654,7515.554805419654
c24,2026-04-30,2026-05-07,168.0,-64.83333333333333,96.01666666666668,0.0,207.7506354602461,0.0,-4898.568656701767,1133.1273884296018,0.0,0.0,5027.917318615158,0.0,0.0,0.4282509838230908,0.15307154639969467,8.18656084836971,1.0,1.0,1.0,-4898.568656701767,1133.1273884296018,0.008313355354853105,0.0,5027.917318615158,5027.917318615158
c24,2026-05-07,2026-05-14,168.0,-64.83333333333333,96.01666666666668,0.0,207.7506354602461,0.0,-1623.079992068518,-1235.8864499356646,0.0,0.0,2040.0499939432173,0.0,0.0,0.7197408971842378,0.21046711183214561,20.096192651429035,1.0,1.0,1.0,-1623.079992068518,-1235.8864499356646,0.0033730985349590234,0.0,2040.0499939432173,2040.0499939432173
c24,2026-05-14,2026-05-21,168.0,-64.83333333333333,96.01666666666668,0.0,207.7506354602461,0.0,-2314.944091471351,-284.686059645335,0.0,0.0,2332.3833945547,0.0,0.0,0.5367061367724091,0.09341854823914221,5.061871715179675,1.0,1.0,1.0,-2314.944091471351,-284.686059645335,0.003856454025388062,0.0,2332.3833945547,2332.3833945547
c24,2026-05-21,2026-05-28,168.0,-64.83333333333333,96.01666666666668,0.0,207.7506354602461,0.0,-616.4010345596414,-438.6075446721327,0.0,0.0,756.5228441028817,0.0,0.0,0.8651997428387403,0.14119090810106877,9.434191485264066,1.0,1.0,1.0,-616.4010345596414,-438.6075446721327,0.0012508644909108493,0.0,756.5228441028817,756.5228441028817
c24,2026-05-28,2026-06-04,168.0,-64.83333333333333,96.01666666666668,0.0,207.7506354602461,0.0,-217.4553740161339,92.52259766126046,0.0,0.0,236.32027159447023,0.0,0.0,0.8955656597390771,0.027432728090231465,5.6105018021243716,1.0,1.0,1.0,-217.4553740161339,92.52259766126046,0.0003907411898056717,0.0,236.32027159447023,236.32027159447023
c24,2026-06-04,2026-06-13,216.0,-64.83333333333333,96.01666666666668,0.0,207.7506354602461,0.0,-770.4583400562093,-390.8646614570414,0.0,0.0,863.9335838697887,0.0,0.0,0.830141605110839,0.12864918295070213,14.174734329041788,1.0,1.0,1.0,-770.4583400562093,-390.8646614570414,0.0011110256994210244,0.0,863.9335838697887,863.9335838697887
c24,2026-06-13,2026-06-21,192.0,-64.83333333333333,96.01666666666668,0.0,207.7506354602461,0.0,-170.07091217988437,128.1338975609363,0.0,0.0,212.93757506333742,0.0,0.0,0.9199804672971368,0.030475753584263937,4.980033751966723,1.0,1.0,1.0,-170.07091217988437,128.1338975609363,0.000308069408367097,0.0,212.93757506333742,212.93757506333742
c24,2026-06-21,2026-06-28,168.0,-64.83333333333333,96.01666666666668,0.0,207.7506354602461,0.0,-342.2541726253517,-50.82781967022639,0.0,0.0,346.0077830510364,0.0,0.0,0.9271141688805073,0.07124617767301114,7.539945737599999,1.0,1.0,1.0,-342.2541726253517,-50.82781967022639,0.000572102815891264,0.0,346.0077830510364,346.0077830510364
c24,2026-06-28,2026-07-05,168.0,-64.83333333333333,96.01666666666668,0.0,207.7506354602461,0.0,-824.1971835026243,-299.3815899968632,0.0,0.0,876.8867279886887,0.0,0.0,0.0,0.14659180913225545,5.011190719826906,0.0,1.0,0.0,-824.1971835026243,-299.3815899968632,0.0014498788491876466,0.0,876.8867279886887,876.8867279886887
c24,2026-07-05,2026-07-12,168.0,-64.83333333333333,96.01666666666668,0.0,207.7506354602461,0.0,1589.4552435484748,-2064.252417206644,0.0,0.0,2605.28424805955,0.0,0.0,0.0,0.10232845684679961,14.888554963458912,0.0,1.0,0.0,1589.4552435484748,-2064.252417206644,0.004307678981579944,0.0,2605.28424805955,2605.28424805955
c24,2026-07-12,2026-07-19,168.0,-64.83333333333333,96.01666666666668,0.0,207.7506354602461,0.0,1534.5933168624945,-8.875312420509017,0.0,0.0,1534.618981809359,0.0,0.0,0.0,0.10232845684679961,8.769967835814338,0.0,1.0,0.0,1534.5933168624945,-8.875312420509017,0.0025373991101345222,0.0,1534.618981809359,1534.618981809359
c24,2026-07-19,2026-07-22,72.0,-64.83333333333333,96.01666666666668,0.0,207.7506354602461,0.0,633.3672861819927,142.84950370059602,0.0,0.0,649.2765973859283,0.0,0.0,0.0,0.10232845684679961,8.657728639664494,0.0,1.0,0.0,633.3672861819927,142.84950370059602,0.0025049251442358345,0.0,649.2765973859283,649.2765973859283
c24,2026-07-22,2026-07-30,192.0,-64.83333333333333,96.01666666666668,0.0,207.7506354602461,0.0,2406.6972763430213,157.4517346650934,0.0,0.0,2411.842206427685,0.0,0.0,0.0,0.10232845684679961,12.060196356805301,0.0,1.0,0.0,2406.6972763430213,157.4517346650934,0.003489355044021535,0.0,2411.842206427685,2411.842206427685
c24,2026-07-30,2026-08-09,240.0,-64.83333333333333,96.01666666666668,0.0,207.7506354602461,0.0,1816.7956769816337,-1798.0975587568892,0.0,0.0,2556.1497144546593,0.0,0.0,0.0,0.10232845684679961,10.225434281416142,0.0,1.0,0.0,1816.7956769816337,-1798.0975587568892,0.0029585066139521518,0.0,2556.1497144546593,2556.1497144546593
c24,2026-08-09,2026-08-16,168.0,-64.83333333333333,96.01666666666668,0.0,207.7506354602461,0.0,-851.5333593633854,-1409.508551229647,0.0,0.0,1646.7614939930404,0.0,0.0,0.0,0.10232845684679961,9.410834550312256,0.0,1.0,0.0,-851.5333593633854,-1409.508551229647,0.002722819930544048,0.0,1646.7614939930404,1646.7614939930404
c35,2021-04-21,2021-05-04,312.0,-67.65,148.21666666666667,0.003666505673188533,196.97193348789997,2851.0748114714006,-4013.689818047158,-2193.5663935677367,13867.793186670402,-4649.76501367474,18049.386308387842,14626.551286979979,15086.673261095028,0.8760338136926293,0.2972847465105044,1.7904925763661232,1.0,1.0,1.0,-17881.48300471756,2456.198620107003,0.016069610317296867,14626.551286979979,4573.996007703242,-10052.555279276738
c35,2021-05-04,2021-05-11,168.0,-67.55,148.0,0.013022214464903828,108.53590860602353,14626.551286979979,4485.624475904184,-1394.101345694747,13256.719802729785,-11660.42240265198,13502.942689531988,17655.199532612376,10833.41576493406,0.9190267638769001,0.15809648347020894,7.300707474831266,1.0,1.0,1.0,-8771.095326825602,10266.321056957233,0.022326294129517178,17655.199532612376,4697.270005109201,-12957.929527503176
c35,2021-05-11,2021-05-23,288.0,-67.4,147.88333333333333,0.029191798169001946,131.33439963947356,17655.199532612376,12208.147549584359,-11713.196768665293,0.0,0.0,16918.56510268804,0.0,30266.056341621217,0.7847071741707623,0.1950837083495025,15.245381386511793,1.0,1.0,1.0,12208.147549584359,-11713.196768665293,0.016318060477129668,0.0,16918.56510268804,16918.56510268804
c35,2021-05-23,2021-05-28,120.0,-67.4,147.88333333333333,0.0,207.7506354602461,0.0,-105.79802982531763,112.95531749934584,158.27629123954102,-4339.933526998386,4460.712309541854,4342.81871635614,4342.81871635614,0.9640797134488821,0.13410931783720104,5.619020534031141,1.0,1.0,1.0,-264.0743210648586,4452.888844497732,0.01032572293875429,4342.81871635614,154.76474684596883,-4188.053969510171
c35,2021-05-28,2021-06-08,264.0,-67.36666666666666,147.93333333333334,0.01005282110267625,177.91136290254613,4342.81871635614,-1315.716173252437,-5709.015034332674,1612.719823663123,-1208.6991345207207,5369.225324581853,2015.395451872201,8434.482225517777,0.8491775253787637,0.15248630584011388,10.276309855046618,1.0,1.0,1.0,-2928.4359969155603,-4500.315899811953,0.005649437420645889,2015.395451872201,5858.665523034621,3843.27007116242
c35,2021-06-08,2021-06-17,216.0,-67.35,147.91666666666666,0.002120576022592805,126.85077664745884,2015.395451872202,63.92230875185219,-517.6577073716346,998.9389303806238,-1593.4746021809988,1425.3554201950278,1880.7020748714767,684.2700338449201,0.8652378909755498,0.1075516612191163,8.895909309853767,1.0,1.0,1.0,-935.0166216287716,1075.8168948093642,0.0018330188016911365,1880.7020748714767,521.5894588250649,-1359.1126160464119
c35,2021-06-17,2021-06-22,120.0,-67.33333333333333,147.91666666666666,0.0024185983473141437,147.91666666666046,1880.7020748714785,65.53653318574256,-273.8451439088138,6919.530337906908,-93.98843204416335,6856.353222519891,6920.168633969278,6413.563345612421,0.7782601390499622,0.08094254372282926,7.115344043461656,1.0,1.0,1.0,-6853.993804721165,-179.85671186465044,0.01587118801509234,6920.168633969278,281.5780531654498,-6638.590580803828
c35,2021-06-22,2021-06-28,144.0,-67.3,147.78333333333333,0.016018908874928885,90.7782044542545,6920.168633969281,4816.675793483813,264.3535212981849,-4075.525684901979,-341.8293197527528,8912.839321394224,4089.8358025889465,12381.080858446127,0.8077867969404906,0.08770660691528848,4.534357851461721,1.0,1.0,1.0,8892.201478385792,606.1828410509377,0.01719297708602281,4089.8358025889465,4823.924593498085,734.0887909091389
c35,2021-06-28,2021-07-06,192.0,-67.31666666666666,147.86666666666667,0.007889343754994109,265.2056138605244,4089.8358025889465,-4049.866776038106,-204.13528977948607,4524.405588298803,5072.96049743332,10068.062699707963,6797.438792364986,11390.233170853262,0.902241583680734,0.08941454541545353,8.340267074684984,1.0,1.0,1.0,-8574.27236433691,-5277.095787212806,0.01456606293360527,6797.438792364986,4055.00827621728,-2742.4305161477055
c35,2021-07-06,2021-07-16,240.0,-67.33333333333333,147.71666666666667,0.00983425751210212,41.72871476783499,6797.438792364985,3538.4251753922595,4550.675627844759,-4524.405588298803,-5072.96049743332,12554.824259848494,6797.438792364986,15294.237282821217,0.8779412205331028,0.0648717563070821,5.5206724822729365,1.0,1.0,1.0,8062.830763691063,9623.636125278079,0.014531046597046867,6797.438792364986,5764.468873340374,-1032.969919024612
c35,2021-07-16,2021-08-15,720.0,-67.31666666666666,147.86666666666667,0.007867406009681697,221.728714767835,6797.438792364985,-10305.174556778908,-10017.04256157149,0.0,0.0,14371.421792085084,0.0,20392.316377094958,0.9006393619347364,0.07026683837687375,9.511094516630678,1.0,1.0,1.0,-10305.174556778908,-10017.04256157149,0.005544530012378505,0.0,14371.421792085084,14371.421792085084
c35,2021-08-15,2021-09-02,432.0,-67.31666666666666,147.86666666666667,0.0,207.7506354602461,0.0,-118.5710637119607,2.5511401021253013,-3309.3965514122974,-4293.717718943488,5351.5692466942055,5421.080831759371,5421.080831759371,0.9853663737885654,0.12175164179374302,16.191689079499753,1.0,1.0,1.0,3190.825487700337,4296.268859045613,0.003441081048543085,5421.080831759371,118.59850532619085,-5302.48232643318
c35,2021-09-02,2021-09-12,240.0,-67.3,147.98333333333332,0.0034857772837958954,217.62335248703332,5421.080831759369,-1329.441303314136,-1630.9952647096711,0.0,0.0,2104.176735082621,0.0,3011.7115731996537,0.9532456425949931,0.0652867886533083,11.637324208154746,1.0,1.0,1.0,-1329.441303314136,-1630.9952647096711,0.002435389739678959,0.0,2104.176735082621,2104.176735082621
c35,2021-09-12,2021-10-06,576.0,-67.3,147.98333333333332,0.0,207.7506354602461,0.0,-2208.892097723448,-297.06897700522126,1994.5606767893769,-3189.8991701933555,5102.693578315327,3762.1442036948497,3762.1442036948497,0.802446057787165,0.061441574366973825,6.730713441212857,1.0,1.0,1.0,-4203.452774512825,2892.830193188134,0.0024607897271968202,3762.1442036948497,2228.778651298514,-1533.3655523963357
c35,2021-10-06,2021-10-19,312.0,-67.26666666666667,147.98333333333332,0.0018143056537880224,147.9833333333332,3762.14420369485,-1104.360229593882,-1068.9695375929168,0.0,0.0,1536.9799572571746,0.0,2037.8281103347067,0.6524094357155263,0.05522079515439966,3.1462437943895534,1.0,1.0,1.0,-1104.360229593882,-1068.9695375929168,0.001368393836589365,0.0,1536.9799572571746,1536.9799572571746
c35,2021-10-19,2021-11-10,528.0,-67.26666666666667,147.98333333333332,0.0,207.7506354602461,0.0,-1296.4841597538375,1490.6073915926997,5777.9203680153005,5846.4607718582265,8307.86724092839,8219.821612176456,8219.821612176456,0.7886364322621375,0.08217360152164034,10.44633630123336,1.0,1.0,1.0,-7074.404527769138,-4355.8533802655265,0.004370721402003572,8219.821612176456,1975.54589224432,-6244.275719932137
c35,2026-04-22,2026-04-30,192.0,-66.21666666666667,142.95,0.0,207.7506354602461,0.0,-412.9660123765969,959.4236923578225,-1216.963101378642,-918.1579948700964,2042.4799414773702,1524.47148010745,1524.47148010745,0.7846308778971434,0.08798862586538388,4.762520909758235,1.0,1.0,1.0,803.9970890020452,1877.5816872279188,0.0029549767671836953,1524.47148010745,1044.5260881546928,-479.94539195275706
c35,2026-04-30,2026-05-07,168.0,-66.21666666666667,142.98333333333332,0.002205543229322121,232.96666666667744,1524.4714801074515,-677.804796062118,-194.60668889357447,0.0,0.0,705.1887016444109,0.0,1333.912545094019,0.874622332630679,0.06633126242498054,3.19851637334727,1.0,1.0,1.0,-677.804796062118,-194.60668889357447,0.0011659866098617906,0.0,705.1887016444109,705.1887016444109
c35,2026-05-07,2026-05-14,168.0,-66.21666666666667,142.98333333333332,0.0,207.7506354602461,0.0,-203.3828800203561,25.54202862945841,0.0,0.0,204.9804651957904,0.0,0.0,0.9215826890431345,0.06851932117877187,6.723163032135729,1.0,1.0,1.0,-203.3828800203561,25.54202862945841,0.00033892272684489153,0.0,204.9804651957904,204.9804651957904
c35,2026-05-14,2026-05-21,168.0,-66.21666666666667,142.98333333333332,0.0,207.7506354602461,0.0,-372.73993456353867,-255.68466901645812,0.0,0.0,452.00631498739796,0.0,0.0,0.8874401065986603,0.09994613821256189,9.551167118921134,1.0,1.0,1.0,-372.73993456353867,-255.68466901645812,0.0007473649388019146,0.0,452.00631498739796,452.00631498739796
c35,2026-05-21,2026-05-28,168.0,-66.21666666666667,142.98333333333332,0.0,207.7506354602461,0.0,-170.30166407323972,-179.88254851709704,0.0,0.0,247.71029055556082,0.0,0.0,0.8588290039915591,0.03526439847945165,3.9651324271005124,1.0,1.0,1.0,-170.30166407323972,-179.88254851709704,0.0004095738931143532,0.0,247.71029055556082,247.71029055556082
c35,2026-05-28,2026-06-04,168.0,-66.21666666666667,142.98333333333332,0.0,207.7506354602461,0.0,-475.8158008424175,-591.5008645498793,0.0,0.0,759.1270967990577,0.0,0.0,0.8527634502388537,0.11872759253515362,5.2402325625563995,1.0,1.0,1.0,-475.8158008424175,-591.5008645498793,0.0012551704642841562,0.0,759.1270967990577,759.1270967990577
c35,2026-06-04,2026-06-13,216.0,-66.21666666666667,142.98333333333332,0.0,207.7506354602461,0.0,-646.2813233018541,-529.0146256788539,2354.5540836881846,-588.7384071298875,3001.429670992789,2427.0430249673254,2427.0430249673254,0.8891949208918959,0.12953228923951882,4.635621023121507,1.0,1.0,1.0,-3000.835406990039,59.723781451033574,0.003859863260021591,2427.0430249673254,835.1862205705584,-1591.856804396767
c35,2026-06-13,2026-06-21,192.0,-66.2,142.95,0.0031211973057707412,104.03853110019242,2427.0430249673263,1086.3472323439184,-111.95292303186716,78.83775048167445,2425.7622418820392,2730.3980688310526,2427.043024967128,3571.2322203023923,0.90109713957645,0.06434703058160028,4.7811794942463886,1.0,1.0,1.0,1007.509481862244,-2537.7151649139064,0.003950228687544926,2427.043024967128,1092.100620912135,-1334.9424040549932
c35,2026-06-21,2026-06-28,168.0,-66.21666666666667,142.91666666666666,0.003511346968991795,1.8614688998171403,2427.0430249671263,54.37299483355524,1720.0447633371805,529.8817279830109,-1966.0868075834587,3716.6751961180653,2036.2396667887544,4114.524616628135,0.8964812150225043,0.06909865015365843,9.670866446178277,1.0,1.0,1.0,-475.5087331494557,3686.131570920639,0.0061452962898777535,2036.2396667887544,1720.9039515472173,-315.3357152415372
c35,2026-06-28,2026-07-05,168.0,-66.2,142.93333333333334,0.0033667983908544225,164.91654999756864,2036.2396667887551,-570.1075027430218,-1453.4153833682008,0.0,0.0,1561.2299130157667,0.0,2036.239666788755,0.0,0.05466477593116263,5.334933211764996,0.0,1.0,0.0,-570.1075027430218,-1453.4153833682008,0.0025813986657006725,0.0,1561.2299130157667,1561.2299130157667
c35,2026-07-05,2026-07-12,168.0,-66.2,142.93333333333334,0.0,207.7506354602461,0.0,-6.4348685118612305,-609.683765974437,-5236.500578631181,3143.91206128709,6437.629141741629,6107.791856236682,6107.791856236682,0.0,0.10232845684679961,3.484385951868516,0.0,1.0,0.0,5230.06571011932,-3753.595827261527,0.010644228078276502,6107.791856236682,609.7177232339053,-5498.074133002777
c35,2026-07-12,2026-07-19,168.0,-66.25,142.98333333333332,0.010098862196158534,300.97993864461046,6107.791856236681,-2150.2409003101698,1015.6093955095288,-1215.7427053651772,-916.1278395110276,2145.902053105014,1522.274792531159,5714.054416218254,0.0,0.10232845684679961,9.713905588191377,0.0,1.0,0.0,-934.4981949449925,1931.7372350205565,0.0035481184740492958,1522.274792531159,2378.0240481571923,855.7492556260333
c35,2026-07-19,2026-07-22,72.0,-66.25,143.01666666666668,0.002516988744264481,232.99999999999488,1522.2747925311596,-815.2454257383484,-409.3163678042052,1215.7427053651772,916.1278395110276,2425.2247597674113,1522.274792531159,2174.6782750445122,0.0,0.10232845684679961,6.57188686863734,0.0,1.0,0.0,-2030.9881311035256,-1325.4442073152327,0.009356577005275507,1522.274792531159,912.2307784435518,-610.0440140876071
c35,2026-07-22,2026-07-30,192.0,-66.25,142.98333333333332,0.005872973736617125,52.999999999994884,1522.2747925311596,3545.5402825872907,2560.5525697387707,1744.689855034696,-1048.7202956993133,4033.598006693776,2035.6220054009643,3799.216092885115,0.0,0.10232845684679961,8.417931630261288,0.0,1.0,0.0,1800.8504275525947,3609.272865438084,0.005835645264313912,2035.6220054009643,4373.475203753302,2337.853198352337
c35,2026-07-30,2026-08-09,240.0,-66.23333333333333,142.96666666666667,0.0029450549846657473,121.00976800871065,2035.6220054009646,2633.899286978232,-1539.9033176344801,1745.5002628222574,-1047.9707978863735,1015.5050123495251,2035.9307357410694,508.59815126836673,0.0,0.10232845684679961,5.457341103308957,0.0,1.0,0.0,888.3990241559745,-491.93251974810664,0.0011753530235526911,2035.9307357410694,3051.0207605990026,1015.0900248579333
c35,2026-08-09,2026-08-16,168.0,-66.21666666666667,142.95,0.0023564013145151233,120.97994030451875,2035.930735741069,2904.1152063803033,-1574.6247144638007,0.0,0.0,3303.5326732650183,0.0,1425.1515150187465,0.0,0.10232845684679961,13.48624052689822,0.0,1.0,0.0,2904.1152063803033,-1574.6247144638007,0.005462190266641896,0.0,3303.5326732650183,3303.5326732650183
d27,2021-03-31,2021-04-12,288.0,-68.03333333333333,74.91666666666667,0.026529337146797137,40.10648741990303,41258.42513069891,11262.127975272888,15536.757818219428,4415.411442805547,99218.72374435863,83961.5921034105,99316.92202071415,79304.97919993986,0.7969145779497921,0.11327589319146839,4.472675856111065,1.0,1.0,1.0,6846.716532467341,-83681.96592613921,0.08098147386517217,99316.92202071415,19189.225363037112,-80127.69665767704
d27,2021-04-12,2021-04-21,216.0,-67.75,72.7,0.09579178435639868,2.548083918157033,99316.92202071415,1565.4312622091738,49139.85914801048,60343.5782510452,144637.27954335103,112136.64818249928,156720.42007932943,90465.21013665892,0.8708075189497322,0.08941454541545353,5.584935723792457,1.0,1.0,1.0,-58778.14698883602,-95497.42039534055,0.14420865249807005,156720.42007932943,49164.78752240277,-107555.63255692666
d27,2021-04-21,2021-05-04,312.0,-66.83333333333333,70.0,0.2015437501020183,22.646202817462722,156720.4200793294,57169.25137708426,138381.55045112208,-87202.82966856798,227605.49860023102,169718.03295103105,243738.787424704,175364.05694151783,0.943784904666245,0.1639943277934879,16.578369140969084,1.0,1.0,1.0,144372.08104565224,-89223.94814910894,0.15110223731395214,243738.787424704,149725.67184111313,-94013.11558359087
d27,2021-05-04,2021-05-11,168.0,-66.76666666666667,64.53333333333333,0.21700390618296297,339.03659128171535,243738.787424704,-31561.484487996007,81114.68287896035,-35038.17529074615,115377.77846703096,34439.03451340051,120580.70115774052,13912.511465587371,0.907696767244488,0.0934903044103565,3.898101632589627,1.0,1.0,1.0,3476.6908027501413,-34263.09558807062,0.05694284807109873,120580.70115774052,87038.60684569989,-33542.09431204063
d27,2021-05-11,2021-05-23,288.0,-66.58333333333333,61.88333333333333,0.19937285244335404,343.1073989025,120580.70115774052,-39676.03098150667,130945.77928333671,-61480.322081278544,101289.98160959035,36808.87727206266,118488.35545187087,96510.86759639852,0.9361934254411608,0.03470532905079103,11.711353854114968,1.0,1.0,1.0,21804.29109977187,29655.79767374636,0.035502389344196236,118488.35545187087,136824.64889984485,18336.293447973978
d27,2021-05-23,2021-05-28,120.0,-66.61666666666666,59.25,0.114282750242931,328.7433639737276,118488.35545187087,-17009.716833384136,28013.888571973544,3877.324460214004,41021.55218150513,24606.25543594974,41204.38554753271,29517.82491522318,0.9289834275841713,0.03862731972426414,6.136470602404908,1.0,1.0,1.0,-20887.04129359814,-13007.663609531588,0.05695892462025403,41204.38554753271,32773.593328697745,-8430.792218834962
d27,2021-05-28,2021-06-08,264.0,-66.4,58.516666666666666,0.09538052210077014,5.399510077981347,41204.38554753271,5533.014823479562,60195.33458262797,12981.063519406132,130453.51466010325,70651.85982814491,131097.77838418403,40451.717136725405,0.9163182461634278,0.08600157115647475,8.69349176588447,1.0,1.0,1.0,-7448.04869592657,-70258.18007747528,0.07433907810200432,131097.77838418403,60449.090634610635,-70648.6877495734
d27,2021-06-08,2021-06-17,216.0,-65.68333333333334,56.28333333333333,0.13793958163319026,5.682635775811377,131097.77838418403,5319.878940004583,71518.36902779568,-86751.90571217518,147504.06800979679,119377.71977559569,171123.76580747892,105563.24811200012,0.8399456762708724,0.18105065539951526,2.6300962243249852,1.0,1.0,1.0,92071.78465217976,-75985.69898200111,0.1535207301640891,171123.76580747892,71715.95513086519,-99407.81067661374
d27,2021-06-17,2021-06-22,120.0,-65.55,52.65,0.22006657125447393,329.53883971416735,171123.76580747892,-32019.151270378756,54267.22633751115,-71512.61719088024,38987.62535132305,42346.19294235235,81449.91926346217,48879.13954949933,0.9644230466801673,0.07275960841728925,1.8945476852028555,1.0,1.0,1.0,39493.465920501476,15279.600986188103,0.09802359477396376,81449.91926346217,63009.189031775844,-18440.730231686328
d27,2021-06-22,2021-06-28,144.0,-65.83333333333333,51.05,0.1885414797765328,298.5985675840637,81449.91926346217,-57371.26933662342,30473.871213770086,-38075.11993148248,10712.80802120571,27619.57639729552,39553.49559136314,59835.80418491228,0.8396023430395871,0.09241012723736461,5.001603991141577,1.0,1.0,1.0,-19296.149405140946,19761.063192564376,0.05327850385280772,39553.49559136314,64962.4458595028,25408.950268139655
d27,2021-06-28,2021-07-06,192.0,-66.03333333333333,50.35,0.07629918131049988,285.7144674327439,39553.49559136314,-34296.344183718415,9372.951581967867,-40955.0414901434,36696.386634635506,28123.092875712264,54990.36475145462,24466.255846736676,0.9162800980266184,0.12278154288956844,6.185961337642365,1.0,1.0,1.0,6658.697306424983,-27323.43505266764,0.04068734501694483,54990.36475145462,35554.06370200163,-19436.301049452988
d27,2021-07-06,2021-07-16,240.0,-66.1,49.166666666666664,0.07955781937421096,311.8608593510621,54990.36475145462,-34157.69828524198,30411.790804258897,-14506.023923406843,-26558.68883122923,60264.615282279665,30262.000636119745,81190.99719036114,0.7774208800401539,0.02332221217291776,4.471293289026314,1.0,1.0,1.0,-19651.67436183514,56970.479635488125,0.06975071213226813,30262.000636119745,45734.29098682551,15472.290350705764
d27,2021-07-16,2021-08-15,720.0,-66.35,49.4,0.03502546369921267,208.64281553398234,30262.000636119745,-29095.15802467747,-53607.354689627966,-170088.4079425952,106275.92210714356,213170.72669972645,200560.80907338383,224940.41891885863,0.9490493475459516,0.12554203489929014,16.56137141577963,1.0,1.0,1.0,140993.2499179177,-159883.27679677153,0.0822417927082278,200560.80907338383,60994.07100120906,-139566.73807217478
d27,2021-08-15,2021-09-02,432.0,-66.81666666666666,45.1,0.07737685535238574,301.99827719653473,200560.8090733838,-68493.53625195828,41583.99533554361,-62649.11270321673,-6915.522982772905,48850.389596458735,63029.642079148856,80922.7063401621,0.9463408298324794,0.17511243084416378,3.6116427753659375,1.0,1.0,1.0,-5844.423548741557,48499.51831831651,0.03141100154093283,63029.642079148856,80128.60398362644,17098.961904477583
d27,2021-09-02,2021-09-12,240.0,-67.25,44.2,0.04052831923813584,263.7009066579301,63029.642079148856,-24027.202953002707,-2893.438063694809,-35284.04454838205,10403.667775554582,17422.09822046882,36785.868249591746,14253.675140086672,0.8937726973090321,0.12300587358310136,4.71407970854669,1.0,1.0,1.0,11256.841595379345,-13297.10583924939,0.02016446553295002,36785.868249591746,24200.79473019884,-12585.073519392907
d27,2021-09-12,2021-10-06,576.0,-67.4,43.45,0.04257623639999045,286.4284024342385,36785.868249591746,-57689.902407684734,16218.723462050175,-158822.82352452283,33717.933666073484,102635.71547657857,162362.52130036493,74655.55883709791,0.9255500952713192,0.11349931726100033,4.306911654415715,1.0,1.0,1.0,101132.92111683809,-17499.210204023308,0.04949639056547964,162362.52130036493,59926.38676365066,-102436.13453671426
d27,2021-10-06,2021-10-19,312.0,-68.11666666666666,40.15,0.07829982701599389,281.9858824125896,162362.52130036493,-57711.50853143657,11231.709824321732,-111312.08044806868,69643.81587860081,79277.96316433967,131303.618928839,57263.69185721197,0.8874019584618509,0.13746750837106184,9.924078015928249,1.0,1.0,1.0,53600.57191663211,-58412.10605427908,0.07058223216198332,131303.618928839,58794.298384723,-72509.320544116
d27,2021-10-19,2021-11-10,528.0,-68.25,37.03333333333333,0.11690137012895208,302.0326789439653,131303.618928839,-125235.09796729503,77415.39875908982,-195940.8308172354,91314.50978993229,72058.9060789492,216173.88574831164,27601.631155446725,0.9546952717937529,0.1424622849788785,10.293733566577373,1.0,1.0,1.0,70705.73284994037,-13899.111030842469,0.037909778029750214,216173.88574831164,147231.02162216653,-68942.86412614511
d30b,2021-10-19,2021-11-10,528.0,-70.85,-10.966666666666669,0.022182728176885474,142.55254321646413,24915.640288277766,16603.808930061667,-24615.918661959033,-123606.1114390695,-104704.89066578727,161471.56160311354,161992.54586067266,165370.43502609237,0.8029038354288787,0.09260343722406714,10.353322547057866,1.0,1.0,1.0,140209.92036913117,80088.97200382824,0.08494926431140233,161992.54586067266,29692.253578301843,-132300.29228237082
d30b,2026-05-21,2026-05-26,120.0,-60.583333333333336,-45.716666666666676,0.0,207.7506354602461,0.0,717.2437250304256,-985.7337391123323,0.0,0.0,1219.0609359338443,0.0,0.0,0.3095339820720255,0.04428865606684156,5.834887727772949,1.0,1.0,1.0,717.2437250304256,-985.7337391123323,0.002821900314661677,0.0,1219.0609359338443,1219.0609359338443
d30b,2026-05-26,2026-06-04,216.0,-60.583333333333336,-45.716666666666676,0.0,207.7506354602461,0.0,6119.791162083062,1293.6277740037767,0.0,0.0,6255.023316118328,0.0,0.0,0.06530961021780968,0.14157430944477395,9.604786943611765,1.0,1.0,1.0,6119.791162083062,1293.6277740037767,0.008044011466201553,0.0,6255.023316118328,6255.023316118328
d30b,2026-06-04,2026-06-13,216.0,-60.583333333333336,-45.716666666666676,0.0,207.7506354602461,0.0,-542.1894050132788,786.267106910203,0.0,0.0,955.0839305095619,0.0,0.0,0.17525254050269723,0.02849847106920446,8.428375812627612,1.0,1.0,1.0,-542.1894050132788,786.267106910203,0.0012282457954083871,0.0,955.0839305095619,955.0839305095619
d30b,2026-06-13,2026-06-20,168.0,-60.583333333333336,-45.716666666666676,0.0,207.7506354602461,0.0,-943.9535974259395,355.34670336582116,0.0,0.0,1008.6226616958046,0.0,0.0,0.4292809835169465,0.02491327446876651,6.362730702353222,1.0,1.0,1.0,-943.9535974259395,355.34670336582116,0.0016676961998938569,0.0,1008.6226616958046,1008.6226616958046
d30b,2026-06-20,2026-06-28,192.0,-60.583333333333336,-45.716666666666676,0.0,207.7506354602461,0.0,1243.3403990454838,-69.13783867240154,-1382.3285700762644,1348.1731464145705,2983.7741140805324,1930.9073277509858,1930.9073277509858,0.4226050595752895,0.05581467441759747,4.9896599280322524,1.0,1.0,1.0,2625.668969121748,-1417.310985086972,0.004316802827084103,1930.9073277509858,1245.2611728608877,-685.6461548900982
d30b,2026-06-28,2026-07-04,144.0,-60.56666666666667,-45.716666666666676,0.002793558055195291,314.2833333333307,1930.9073277509851,-2075.375949889447,1677.112497261554,0.0,0.0,2668.3125120289806,0.0,1448.1804958132386,0.0,0.05468181129445166,11.431860961003323,0.0,1.0,0.0,-2075.375949889447,1677.112497261554,0.005147207777833682,0.0,2668.3125120289806,2668.3125120289806
d30b,2026-07-04,2026-07-12,192.0,-60.56666666666667,-45.716666666666676,0.0,207.7506354602461,0.0,-3027.416822743372,-1722.661980445286,0.0,0.0,3483.2193323850925,0.0,0.0,0.0,0.10232845684679961,17.417519682850795,0.0,1.0,0.0,-3027.416822743372,-1722.661980445286,0.005039379821158988,0.0,3483.2193323850925,3483.2193323850925
d30b,2026-07-12,2026-07-19,168.0,-60.56666666666667,-45.716666666666676,0.0,207.7506354602461,0.0,-2219.396830020626,349.1276627124179,0.0,0.0,2246.689211701663,0.0,0.0,0.0,0.10232845684679961,12.839273042526685,0.0,1.0,0.0,-2219.396830020626,349.1276627124179,0.003714763908236877,0.0,2246.689211701663,2246.689211701663
d30b,2026-07-19,2026-07-22,72.0,-60.56666666666667,-45.716666666666676,0.0,207.7506354602461,0.0,-774.8916723241889,425.46801328899653,0.0,0.0,884.0136504429464,0.0,0.0,0.0,0.10232845684679961,11.787811743266952,0.0,1.0,0.0,-774.8916723241889,425.46801328899653,0.003410546490906429,0.0,884.0136504429464,884.0136504429464
d30b,2026-07-22,2026-07-28,144.0,-60.56666666666667,-45.716666666666676,0.0,207.7506354602461,0.0,-886.2610516451815,-1694.3607650270253,0.0,0.0,1912.149851273741,0.0,0.0,0.0,0.10232845684679961,12.748707251543442,0.0,1.0,0.0,-886.2610516451815,-1694.3607650270253,0.0036885606698953337,0.0,1912.149851273741,1912.149851273741
d30b,2026-07-28,2026-08-07,240.0,-60.56666666666667,-45.716666666666676,0.0,207.7506354602461,0.0,-398.31340218292644,-2291.408234376629,0.0,0.0,2325.769821570389,0.0,0.0,0.0,0.10232845684679961,9.30383941507226,0.0,1.0,0.0,-398.31340218292644,-2291.408234376629,0.0026918632194101724,0.0,2325.769821570389,2325.769821570389
d30b,2026-08-07,2026-08-16,216.0,-60.56666666666667,-45.716666666666676,0.0,207.7506354602461,0.0,-1640.2243344826907,552.5087958589412,0.0,0.0,1730.7807015710232,0.0,0.0,0.0,0.10232845684679961,7.692987194928485,0.0,1.0,0.0,-1640.2243344826907,552.5087958589412,0.002225798227328991,0.0,1730.7807015710232,1730.7807015710232
