iceberg_id,timestamp,original_latitude,original_longitude,predicted_dx_m,predicted_dy_m,predicted_latitude,predicted_longitude,regime,selected_model,prediction_horizon_hours,EPE_m
a23a,2021-04-12,-75.68333333333334,-39.833333333333336,0.0,0.0,-75.68333333333334,-39.833333333333336,Stationary,Persistence,288.0,0.0
a23a,2021-04-21,-75.68333333333334,-39.833333333333336,0.0,0.0,-75.68333333333334,-39.833333333333336,Stationary,Persistence,216.0,0.0
a23a,2021-05-04,-75.68333333333334,-39.833333333333336,0.0,0.0,-75.68333333333334,-39.833333333333336,Stationary,Persistence,312.0,5002.38440220959
a23a,2021-05-11,-75.68333333333334,-40.016666666666666,0.0,0.0,-75.68333333333334,-40.016666666666666,Stationary,Persistence,168.0,9284.396896341517
a23a,2021-05-23,-75.66666666666667,-40.35,0.0,0.0,-75.66666666666667,-40.35,Slow-moving,Persistence,288.0,10471.815148652606
a23a,2021-05-28,-75.66666666666667,-39.96666666666667,0.0,0.0,-75.66666666666667,-39.96666666666667,Slow-moving,Persistence,120.0,10024.357343556505
a23a,2021-06-06,-75.73333333333333,-40.21666666666667,0.0,0.0,-75.73333333333333,-40.21666666666667,Slow-moving,Persistence,216.0,8412.935426867094
a23a,2021-06-17,-75.66666666666667,-40.06666666666668,0.0,0.0,-75.66666666666667,-40.06666666666668,Slow-moving,Persistence,264.0,4868.320563135549
a23a,2021-06-22,-75.63333333333334,-39.949999999999996,0.0,0.0,-75.63333333333334,-39.949999999999996,Stationary,Persistence,120.0,5516.390089553405
a23a,2021-06-28,-75.6,-39.79999999999999,0.0,0.0,-75.6,-39.79999999999999,Slow-moving,Persistence,144.0,3705.773964793314
a23a,2021-07-06,-75.56666666666666,-39.78333333333333,0.0,0.0,-75.56666666666666,-39.78333333333333,Stationary,Persistence,192.0,0.0
a23a,2021-07-16,-75.56666666666666,-39.78333333333333,0.0,0.0,-75.56666666666666,-39.78333333333333,Stationary,Persistence,240.0,7706.089296742186
a23a,2021-08-15,-75.5,-39.866666666666674,0.0,0.0,-75.5,-39.866666666666674,Stationary,Persistence,720.0,12124.001525751766
a23a,2021-08-17,-75.48333333333333,-40.3,0.0,0.0,-75.48333333333333,-40.3,Stationary,Persistence,48.0,0.0
a23a,2021-09-02,-75.48333333333333,-40.3,0.0,0.0,-75.48333333333333,-40.3,Stationary,Persistence,384.0,1896.1145377981168
a23a,2021-09-12,-75.46666666666667,-40.31666666666666,0.0,0.0,-75.46666666666667,-40.31666666666666,Stationary,Persistence,240.0,0.0
a23a,2021-10-06,-75.46666666666667,-40.31666666666666,0.0,0.0,-75.46666666666667,-40.31666666666666,Stationary,Persistence,576.0,6716.947201938396
a23a,2021-10-19,-75.48333333333333,-40.55,0.0,0.0,-75.48333333333333,-40.55,Stationary,Persistence,312.0,30823.85714621543
a23a,2021-11-08,-75.68333333333334,-41.33333333333333,0.0,0.0,-75.68333333333334,-41.33333333333333,Slow-moving,Persistence,480.0,13251.289034008485
a81,2026-04-30,-64.68333333333334,-56.29999999999999,6526.839487509645,12223.597043721738,-64.67116553789434,-56.01739001459876,Moving,Physics B,192.0,44662.58208512228
a81,2026-05-07,-64.38333333333334,-55.4,-1243.028705032555,34333.994980876145,-64.20230942882665,-54.84590117781684,Moving,Physics B,168.0,25689.639257291936
a81,2026-05-14,-64.08333333333333,-55.28333333333334,-16317.388557205268,16703.05370003004,-63.88260154872795,-55.19525292938259,Moving,Physics B,168.0,17229.45922191881
a81,2026-05-21,-64.03333333333333,-55.18333333333333,0.0,0.0,-64.03333333333333,-55.18333333333333,Slow-moving,Persistence,168.0,43369.69133770081
a81,2026-05-28,-63.833333333333336,-54.449999999999996,2432.8805004108126,29421.48978364244,-63.70005002416086,-53.95027682063819,Moving,Physics B,168.0,13939.171103890028
a81,2026-06-04,-63.65,-53.699999999999996,3360.4079330595987,29266.876235701646,-63.521246150670734,-53.19937766203498,Moving,Physics B,168.0,15877.408945686404
a81,2026-06-13,-63.4,-53.35,-9891.926667422431,27598.673418126877,-63.18648638270888,-53.03628264335709,Moving,Physics B,216.0,11573.092441500443
a81,2026-06-21,-63.28333333333333,-53.1,0.0,0.0,-63.28333333333333,-53.1,Slow-moving,Persistence,192.0,78433.42868488528
a81,2026-06-28,-62.666666666666664,-53.75000000000001,-45339.149676422945,12033.287304345533,-62.286160386472694,-54.0693522007873,Moving,Physics B,168.0,6977.632845225327
a81,2026-07-03,-62.233333333333334,-54.13333333333333,-26335.087378810644,6385.856330780458,-62.01523400200225,-54.32286161921505,Moving,Physics B,120.0,81407.9604205917
a81,2026-07-12,-61.71666666666667,-52.966666666666676,-13598.008265128083,105133.14747259385,-61.06640393787136,-51.61452563699854,Moving,Physics B,216.0,60788.969545924665
a81,2026-07-17,-61.2,-52.666666666666664,-14973.26449106276,18695.402244093784,-60.998867483580305,-52.5636538352075,Moving,Physics B,120.0,57422.72952281595
a81,2026-07-22,-61.1,-53.56666666666667,-26206.530609930724,-21717.219896138486,-61.027714695309925,-54.155606148897384,Moving,Physics B,120.0,92583.14253452049
a81,2026-07-30,-60.61666666666667,-52.75000000000001,-18809.09025671919,73526.67023529483,-60.10089564190135,-51.93674833062128,Moving,Physics B,192.0,42944.38635192506
a81,2026-08-09,-60.28333333333333,-52.583333333333336,-22917.47570003161,25479.29114230649,-59.9931094993692,-52.474860933886255,Moving,Physics B,240.0,125835.4088511206
a81,2026-08-16,-59.166666666666664,-51.1,-23098.357600967553,67602.47830260644,-58.64725069717445,-50.47452641765176,Moving,Physics B,168.0,63651.19043938551
b09b,2021-04-12,-66.25,143.5,0.0,0.0,-66.25,143.5,Stationary,Persistence,288.0,0.0
b09b,2021-04-21,-66.25,143.5,0.0,0.0,-66.25,143.5,Stationary,Persistence,216.0,0.0
b09b,2021-05-04,-66.25,143.5,0.0,0.0,-66.25,143.5,Stationary,Persistence,312.0,0.0
b09b,2021-05-05,-66.25,143.5,0.0,0.0,-66.25,143.5,Stationary,Persistence,24.0,4246.927248477649
b09b,2021-05-28,-66.26666666666667,143.41666666666666,30185.897721916535,58246.27412597928,-66.51495114342431,142.11068010988382,Moving,Physics B,552.0,65603.48215481194
b09b,2021-06-06,-66.26666666666667,143.41666666666666,0.0,0.0,-66.26666666666667,143.41666666666666,Stationary,Persistence,216.0,0.0
b09b,2021-06-17,-66.26666666666667,143.41666666666666,0.0,0.0,-66.26666666666667,143.41666666666666,Stationary,Persistence,264.0,0.0
b09b,2021-06-22,-66.26666666666667,143.41666666666666,0.0,0.0,-66.26666666666667,143.41666666666666,Stationary,Persistence,120.0,0.0
b09b,2021-06-28,-66.26666666666667,143.41666666666666,0.0,0.0,-66.26666666666667,143.41666666666666,Stationary,Persistence,144.0,0.0
b09b,2021-07-06,-66.26666666666667,143.41666666666666,0.0,0.0,-66.26666666666667,143.41666666666666,Stationary,Persistence,192.0,0.0
b09b,2021-07-16,-66.26666666666667,143.41666666666666,0.0,0.0,-66.26666666666667,143.41666666666666,Stationary,Persistence,240.0,0.0
b09b,2021-08-15,-66.26666666666667,143.41666666666666,0.0,0.0,-66.26666666666667,143.41666666666666,Stationary,Persistence,720.0,0.0
b09b,2021-09-02,-66.26666666666667,143.41666666666666,0.0,0.0,-66.26666666666667,143.41666666666666,Stationary,Persistence,432.0,2281.7647785600293
b09b,2021-09-12,-66.26666666666667,143.46666666666667,0.0,0.0,-66.26666666666667,143.46666666666667,Stationary,Persistence,240.0,0.0
b09b,2021-10-06,-66.26666666666667,143.46666666666667,0.0,0.0,-66.26666666666667,143.46666666666667,Stationary,Persistence,576.0,0.0
b09b,2021-10-19,-66.26666666666667,143.46666666666667,0.0,0.0,-66.26666666666667,143.46666666666667,Stationary,Persistence,312.0,0.0
b09b,2021-11-10,-66.26666666666667,143.46666666666667,0.0,0.0,-66.26666666666667,143.46666666666667,Stationary,Persistence,528.0,3042.352962995016
b09b,2026-04-30,-66.08333333333333,143.23333333333332,0.0,0.0,-66.08333333333333,143.23333333333332,Stationary,Persistence,192.0,0.0
b09b,2026-05-07,-66.08333333333333,143.23333333333332,0.0,0.0,-66.08333333333333,143.23333333333332,Stationary,Persistence,168.0,0.0
b09b,2026-05-14,-66.08333333333333,143.23333333333332,0.0,0.0,-66.08333333333333,143.23333333333332,Stationary,Persistence,168.0,0.0
b09b,2026-05-21,-66.08333333333333,143.23333333333332,0.0,0.0,-66.08333333333333,143.23333333333332,Stationary,Persistence,168.0,0.0
b09b,2026-05-28,-66.08333333333333,143.23333333333332,0.0,0.0,-66.08333333333333,143.23333333333332,Stationary,Persistence,168.0,0.0
b09b,2026-06-04,-66.08333333333333,143.23333333333332,0.0,0.0,-66.08333333333333,143.23333333333332,Stationary,Persistence,168.0,0.0
b09b,2026-06-13,-66.08333333333333,143.23333333333332,0.0,0.0,-66.08333333333333,143.23333333333332,Stationary,Persistence,216.0,0.0
b09b,2026-06-21,-66.08333333333333,143.23333333333332,0.0,0.0,-66.08333333333333,143.23333333333332,Stationary,Persistence,192.0,0.0
b09b,2026-06-28,-66.08333333333333,143.23333333333332,0.0,0.0,-66.08333333333333,143.23333333333332,Stationary,Persistence,168.0,0.0
b09b,2026-07-05,-66.08333333333333,143.23333333333332,0.0,0.0,-66.08333333333333,143.23333333333332,Stationary,Persistence,168.0,0.0
b09b,2026-07-12,-66.08333333333333,143.23333333333332,0.0,0.0,-66.08333333333333,143.23333333333332,Stationary,Persistence,168.0,0.0
b09b,2026-07-19,-66.08333333333333,143.23333333333332,0.0,0.0,-66.08333333333333,143.23333333333332,Stationary,Persistence,168.0,0.0
b09b,2026-07-22,-66.08333333333333,143.23333333333332,0.0,0.0,-66.08333333333333,143.23333333333332,Stationary,Persistence,72.0,0.0
b09b,2026-07-30,-66.08333333333333,143.23333333333332,0.0,0.0,-66.08333333333333,143.23333333333332,Stationary,Persistence,192.0,0.0
b09b,2026-08-09,-66.08333333333333,143.23333333333332,0.0,0.0,-66.08333333333333,143.23333333333332,Stationary,Persistence,240.0,1888.97565094054
b09b,2026-08-16,-66.06666666666666,143.23333333333332,0.0,0.0,-66.06666666666666,143.23333333333332,Stationary,Persistence,168.0,0.0
b28,2021-04-12,-74.66666666666667,-108.76666666666665,0.0,0.0,-74.66666666666667,-108.76666666666665,Stationary,Persistence,288.0,0.0
b28,2021-04-21,-74.66666666666667,-108.76666666666665,0.0,0.0,-74.66666666666667,-108.76666666666665,Stationary,Persistence,216.0,0.0
b28,2021-05-04,-74.66666666666667,-108.76666666666665,0.0,0.0,-74.66666666666667,-108.76666666666665,Stationary,Persistence,312.0,0.0
b28,2021-05-11,-74.66666666666667,-108.76666666666665,0.0,0.0,-74.66666666666667,-108.76666666666665,Stationary,Persistence,168.0,0.0
b28,2021-05-23,-74.66666666666667,-108.76666666666665,0.0,0.0,-74.66666666666667,-108.76666666666665,Stationary,Persistence,288.0,0.0
b28,2021-05-28,-74.66666666666667,-108.76666666666665,0.0,0.0,-74.66666666666667,-108.76666666666665,Stationary,Persistence,120.0,0.0
b28,2021-06-08,-74.66666666666667,-108.76666666666665,0.0,0.0,-74.66666666666667,-108.76666666666665,Stationary,Persistence,264.0,0.0
b28,2021-06-17,-74.66666666666667,-108.76666666666665,0.0,0.0,-74.66666666666667,-108.76666666666665,Stationary,Persistence,216.0,0.0
b28,2021-06-22,-74.66666666666667,-108.76666666666665,0.0,0.0,-74.66666666666667,-108.76666666666665,Stationary,Persistence,120.0,0.0
b28,2021-06-28,-74.66666666666667,-108.76666666666665,0.0,0.0,-74.66666666666667,-108.76666666666665,Stationary,Persistence,144.0,0.0
b28,2021-07-06,-74.66666666666667,-108.76666666666665,0.0,0.0,-74.66666666666667,-108.76666666666665,Stationary,Persistence,192.0,0.0
b28,2021-07-16,-74.66666666666667,-108.76666666666665,0.0,0.0,-74.66666666666667,-108.76666666666665,Stationary,Persistence,240.0,0.0
b28,2021-08-15,-74.66666666666667,-108.76666666666665,0.0,0.0,-74.66666666666667,-108.76666666666665,Stationary,Persistence,720.0,0.0
b28,2021-09-02,-74.66666666666667,-108.76666666666665,0.0,0.0,-74.66666666666667,-108.76666666666665,Stationary,Persistence,432.0,0.0
b28,2021-09-12,-74.66666666666667,-108.76666666666665,0.0,0.0,-74.66666666666667,-108.76666666666665,Stationary,Persistence,240.0,0.0
b28,2021-10-06,-74.66666666666667,-108.76666666666665,0.0,0.0,-74.66666666666667,-108.76666666666665,Stationary,Persistence,576.0,0.0
b28,2021-10-19,-74.66666666666667,-108.76666666666665,0.0,0.0,-74.66666666666667,-108.76666666666665,Stationary,Persistence,312.0,0.0
b28,2021-11-10,-74.66666666666667,-108.76666666666665,0.0,0.0,-74.66666666666667,-108.76666666666665,Stationary,Persistence,528.0,0.0
b46,2021-04-12,-72.45,-112.44999999999999,0.0,0.0,-72.45,-112.44999999999999,Stationary,Persistence,288.0,3353.296874272875
b46,2021-04-21,-72.45,-112.54999999999998,0.0,0.0,-72.45,-112.54999999999998,Stationary,Persistence,216.0,14640.377799208567
b46,2021-05-04,-72.35,-112.83333333333331,0.0,0.0,-72.35,-112.83333333333331,Slow-moving,Persistence,312.0,12555.97389162426
b46,2021-05-11,-72.3,-113.16666666666666,0.0,0.0,-72.3,-113.16666666666666,Slow-moving,Persistence,168.0,2818.6655250081744
b46,2021-05-23,-72.3,-113.25,0.0,0.0,-72.3,-113.25,Stationary,Persistence,288.0,23616.043785181915
b46,2021-05-28,-72.1,-113.01666666666665,0.0,0.0,-72.1,-113.01666666666665,Slow-moving,Persistence,120.0,17198.16937118976
b46,2021-06-08,-72.11666666666666,-112.51666666666665,-7131.4907455039665,24074.59504454077,-72.13889202115944,-111.78516493798098,Moving,Physics B,264.0,34020.76409454467
b46,2021-06-17,-72.25,-112.71666666666667,0.0,0.0,-72.25,-112.71666666666667,Slow-moving,Persistence,216.0,59535.6311714455
b46,2021-06-22,-72.55,-114.18333333333334,18381.795144963417,-11886.120429755021,-72.65630989076767,-114.73787339446166,Moving,Physics B,120.0,14474.657517670264
b46,2021-06-28,-72.71666666666667,-114.35,15074.49329781241,1979.8418287495467,-72.84764796725777,-114.4846570402173,Moving,Physics B,144.0,49059.41315005342
b46,2021-07-06,-72.51666666666667,-115.46666666666667,-4229.390720248237,-37881.289844344,-72.33332209852497,-116.42591290103425,Moving,Physics B,192.0,24171.69845267941
b46,2021-07-16,-72.11666666666666,-116.48333333333332,-20786.07990563985,-41813.36735645318,-71.78014683450623,-117.29167378110887,Moving,Physics B,240.0,70314.93171948259
b46,2021-08-15,-72.23333333333333,-118.71666666666667,93005.37451964883,-122191.04638422186,-72.38505783416916,-123.23275398763799,Moving,Physics B,720.0,60389.881314938204
b46,2021-09-02,-71.93333333333334,-122.25,13079.12615998792,-48159.64838085006,-71.7967043360316,-123.62103357194117,Moving,Physics B,432.0,33078.27690912708
b46,2021-09-12,-72.03333333333333,-124.19999999999999,16928.25532678434,-18365.407912085135,-72.06499715457265,-124.9206915494635,Moving,Physics B,240.0,48572.94476573807
b46,2021-10-06,-71.93333333333334,-126.26666666666665,50661.71294157807,-102345.45115440017,-71.72799770268136,-129.48827641325974,Moving,Physics B,576.0,88137.550391815
b46,2021-10-19,-72.48333333333333,-130.26666666666668,46947.64452363006,-25121.51217247996,-72.65380581936803,-131.76100071118253,Moving,Physics B,312.0,10074.175249306756
b46,2021-11-10,-72.6,-131.51666666666668,41423.058182904366,-26464.58155506606,-72.71598597861893,-132.9485681838243,Moving,Physics B,528.0,68849.5498761027
c15,2021-04-12,-65.96666666666667,143.2833333333333,0.0,0.0,-65.96666666666667,143.2833333333333,Stationary,Persistence,288.0,0.0
c15,2021-04-21,-65.96666666666667,143.2833333333333,0.0,0.0,-65.96666666666667,143.2833333333333,Stationary,Persistence,216.0,0.0
c15,2021-05-04,-65.96666666666667,143.2833333333333,0.0,0.0,-65.96666666666667,143.2833333333333,Stationary,Persistence,312.0,0.0
c15,2021-05-11,-65.96666666666667,143.2833333333333,0.0,0.0,-65.96666666666667,143.2833333333333,Stationary,Persistence,168.0,0.0
c15,2021-05-23,-65.96666666666667,143.2833333333333,0.0,0.0,-65.96666666666667,143.2833333333333,Stationary,Persistence,288.0,0.0
c15,2021-05-28,-65.96666666666667,143.2833333333333,0.0,0.0,-65.96666666666667,143.2833333333333,Stationary,Persistence,120.0,0.0
c15,2021-06-08,-65.96666666666667,143.2833333333333,0.0,0.0,-65.96666666666667,143.2833333333333,Stationary,Persistence,264.0,0.0
c15,2021-06-17,-65.96666666666667,143.2833333333333,0.0,0.0,-65.96666666666667,143.2833333333333,Stationary,Persistence,216.0,0.0
c15,2021-06-22,-65.96666666666667,143.2833333333333,0.0,0.0,-65.96666666666667,143.2833333333333,Stationary,Persistence,120.0,0.0
c15,2021-06-28,-65.96666666666667,143.2833333333333,0.0,0.0,-65.96666666666667,143.2833333333333,Stationary,Persistence,144.0,0.0
c15,2021-07-06,-65.96666666666667,143.2833333333333,0.0,0.0,-65.96666666666667,143.2833333333333,Stationary,Persistence,192.0,0.0
c15,2021-07-16,-65.96666666666667,143.2833333333333,0.0,0.0,-65.96666666666667,143.2833333333333,Stationary,Persistence,240.0,0.0
c15,2021-08-15,-65.96666666666667,143.2833333333333,0.0,0.0,-65.96666666666667,143.2833333333333,Stationary,Persistence,720.0,3081.9097311546316
c15,2021-09-02,-65.96666666666667,143.21666666666667,0.0,0.0,-65.96666666666667,143.21666666666667,Stationary,Persistence,432.0,0.0
c15,2021-09-12,-65.96666666666667,143.21666666666667,0.0,0.0,-65.96666666666667,143.21666666666667,Stationary,Persistence,240.0,0.0
c15,2021-10-06,-65.96666666666667,143.21666666666667,0.0,0.0,-65.96666666666667,143.21666666666667,Stationary,Persistence,576.0,0.0
c15,2021-10-19,-65.96666666666667,143.21666666666667,0.0,0.0,-65.96666666666667,143.21666666666667,Stationary,Persistence,312.0,2040.5857639196731
c15,2021-11-10,-65.98333333333333,143.2,0.0,0.0,-65.98333333333333,143.2,Stationary,Persistence,528.0,3614.162366074436
c15,2026-04-30,-65.86666666666666,143.13333333333333,0.0,0.0,-65.86666666666666,143.13333333333333,Stationary,Persistence,192.0,0.0
c15,2026-05-07,-65.86666666666666,143.13333333333333,0.0,0.0,-65.86666666666666,143.13333333333333,Stationary,Persistence,168.0,0.0
c15,2026-05-14,-65.86666666666666,143.13333333333333,0.0,0.0,-65.86666666666666,143.13333333333333,Stationary,Persistence,168.0,0.0
c15,2026-05-21,-65.86666666666666,143.13333333333333,0.0,0.0,-65.86666666666666,143.13333333333333,Stationary,Persistence,168.0,0.0
c15,2026-05-28,-65.86666666666666,143.13333333333333,0.0,0.0,-65.86666666666666,143.13333333333333,Stationary,Persistence,168.0,5671.664312534272
c15,2026-06-04,-65.81666666666666,143.13333333333333,0.0,0.0,-65.81666666666666,143.13333333333333,Stationary,Persistence,168.0,2326.2780704628094
c15,2026-06-13,-65.81666666666666,143.08333333333334,0.0,0.0,-65.81666666666666,143.08333333333334,Stationary,Persistence,216.0,1890.668193310531
c15,2026-06-21,-65.83333333333333,143.08333333333334,0.0,0.0,-65.83333333333333,143.08333333333334,Stationary,Persistence,192.0,0.0
c15,2026-06-28,-65.83333333333333,143.08333333333334,0.0,0.0,-65.83333333333333,143.08333333333334,Stationary,Persistence,168.0,0.0
c15,2026-07-05,-65.83333333333333,143.08333333333334,0.0,0.0,-65.83333333333333,143.08333333333334,Stationary,Persistence,168.0,0.0
c15,2026-07-12,-65.83333333333333,143.08333333333334,0.0,0.0,-65.83333333333333,143.08333333333334,Stationary,Persistence,168.0,0.0
c15,2026-07-19,-65.83333333333333,143.08333333333334,0.0,0.0,-65.83333333333333,143.08333333333334,Stationary,Persistence,168.0,0.0
c15,2026-07-22,-65.83333333333333,143.08333333333334,0.0,0.0,-65.83333333333333,143.08333333333334,Stationary,Persistence,72.0,0.0
c15,2026-07-30,-65.83333333333333,143.08333333333334,0.0,0.0,-65.83333333333333,143.08333333333334,Stationary,Persistence,192.0,0.0
c15,2026-08-09,-65.83333333333333,143.08333333333334,0.0,0.0,-65.83333333333333,143.08333333333334,Stationary,Persistence,240.0,0.0
c15,2026-08-16,-65.83333333333333,143.08333333333334,0.0,0.0,-65.83333333333333,143.08333333333334,Stationary,Persistence,168.0,0.0
c18c,2026-05-07,-68.48333333333333,39.05,0.0,0.0,-68.48333333333333,39.05,Stationary,Persistence,168.0,1995.7953300608165
c18c,2026-05-14,-68.5,39.03333333333333,0.0,0.0,-68.5,39.03333333333333,Stationary,Persistence,168.0,1374.5762295269133
c18c,2026-05-21,-68.5,39.06666666666667,0.0,0.0,-68.5,39.06666666666667,Stationary,Persistence,168.0,2324.095005294302
c18c,2026-05-28,-68.48333333333333,39.03333333333333,0.0,0.0,-68.48333333333333,39.03333333333333,Stationary,Persistence,168.0,0.0
c18c,2026-06-04,-68.48333333333333,39.03333333333333,0.0,0.0,-68.48333333333333,39.03333333333333,Stationary,Persistence,168.0,5084.309819493078
c18c,2026-06-13,-68.51666666666667,38.95,0.0,0.0,-68.51666666666667,38.95,Stationary,Persistence,216.0,0.0
c18c,2026-06-21,-68.51666666666667,38.95,0.0,0.0,-68.51666666666667,38.95,Stationary,Persistence,192.0,0.0
c18c,2026-06-28,-68.51666666666667,38.95,0.0,0.0,-68.51666666666667,38.95,Stationary,Persistence,168.0,8348.294116245826
c18c,2026-07-05,-68.56666666666666,38.8,0.0,0.0,-68.56666666666666,38.8,Slow-moving,Persistence,168.0,13420.350037629478
c18c,2026-07-12,-68.48333333333333,39.03333333333333,0.0,0.0,-68.48333333333333,39.03333333333333,Slow-moving,Persistence,168.0,0.0
c18c,2026-07-19,-68.48333333333333,39.03333333333333,0.0,0.0,-68.48333333333333,39.03333333333333,Stationary,Persistence,168.0,2324.095005294302
c18c,2026-07-22,-68.5,39.06666666666667,0.0,0.0,-68.5,39.06666666666667,Stationary,Persistence,72.0,2324.095005294302
c18c,2026-07-30,-68.48333333333333,39.03333333333333,0.0,0.0,-68.48333333333333,39.03333333333333,Stationary,Persistence,192.0,0.0
c18c,2026-08-09,-68.48333333333333,39.03333333333333,0.0,0.0,-68.48333333333333,39.03333333333333,Stationary,Persistence,240.0,0.0
c18c,2026-08-16,-68.48333333333333,39.03333333333333,0.0,0.0,-68.48333333333333,39.03333333333333,Stationary,Persistence,168.0,687.8331365828694
c24,2021-04-12,-64.83333333333333,96.01666666666668,0.0,0.0,-64.83333333333333,96.01666666666668,Stationary,Persistence,288.0,0.0
c24,2021-04-21,-64.83333333333333,96.01666666666668,0.0,0.0,-64.83333333333333,96.01666666666668,Stationary,Persistence,216.0,0.0
c24,2021-05-04,-64.83333333333333,96.01666666666668,0.0,0.0,-64.83333333333333,96.01666666666668,Stationary,Persistence,312.0,0.0
c24,2021-05-11,-64.83333333333333,96.01666666666668,0.0,0.0,-64.83333333333333,96.01666666666668,Stationary,Persistence,168.0,0.0
c24,2021-05-23,-64.83333333333333,96.01666666666668,0.0,0.0,-64.83333333333333,96.01666666666668,Stationary,Persistence,288.0,0.0
c24,2021-05-28,-64.83333333333333,96.01666666666668,0.0,0.0,-64.83333333333333,96.01666666666668,Stationary,Persistence,120.0,0.0
c24,2021-06-08,-64.83333333333333,96.01666666666668,0.0,0.0,-64.83333333333333,96.01666666666668,Stationary,Persistence,264.0,0.0
c24,2021-06-17,-64.83333333333333,96.01666666666668,0.0,0.0,-64.83333333333333,96.01666666666668,Stationary,Persistence,216.0,0.0
c24,2021-06-22,-64.83333333333333,96.01666666666668,0.0,0.0,-64.83333333333333,96.01666666666668,Stationary,Persistence,120.0,0.0
c24,2021-06-28,-64.83333333333333,96.01666666666668,0.0,0.0,-64.83333333333333,96.01666666666668,Stationary,Persistence,144.0,0.0
c24,2021-07-06,-64.83333333333333,96.01666666666668,0.0,0.0,-64.83333333333333,96.01666666666668,Stationary,Persistence,192.0,0.0
c24,2021-07-16,-64.83333333333333,96.01666666666668,0.0,0.0,-64.83333333333333,96.01666666666668,Stationary,Persistence,240.0,0.0
c24,2021-08-15,-64.83333333333333,96.01666666666668,0.0,0.0,-64.83333333333333,96.01666666666668,Stationary,Persistence,720.0,0.0
c24,2021-09-02,-64.83333333333333,96.01666666666668,0.0,0.0,-64.83333333333333,96.01666666666668,Stationary,Persistence,432.0,0.0
c24,2021-09-12,-64.83333333333333,96.01666666666668,0.0,0.0,-64.83333333333333,96.01666666666668,Stationary,Persistence,240.0,0.0
c24,2021-10-06,-64.83333333333333,96.01666666666668,0.0,0.0,-64.83333333333333,96.01666666666668,Stationary,Persistence,576.0,0.0
c24,2021-10-19,-64.83333333333333,96.01666666666668,0.0,0.0,-64.83333333333333,96.01666666666668,Stationary,Persistence,312.0,0.0
c24,2021-11-10,-64.83333333333333,96.01666666666668,0.0,0.0,-64.83333333333333,96.01666666666668,Stationary,Persistence,528.0,0.0
c24,2021-12-05,-64.83333333333333,96.01666666666668,0.0,0.0,-64.83333333333333,96.01666666666668,Stationary,Persistence,600.0,0.0
c24,2021-12-31,-64.83333333333333,96.01666666666668,0.0,0.0,-64.83333333333333,96.01666666666668,Stationary,Persistence,624.0,0.0
c24,2026-04-30,-64.83333333333333,96.01666666666668,0.0,0.0,-64.83333333333333,96.01666666666668,Stationary,Persistence,192.0,0.0
c24,2026-05-07,-64.83333333333333,96.01666666666668,0.0,0.0,-64.83333333333333,96.01666666666668,Stationary,Persistence,168.0,0.0
c24,2026-05-14,-64.83333333333333,96.01666666666668,0.0,0.0,-64.83333333333333,96.01666666666668,Stationary,Persistence,168.0,0.0
c24,2026-05-21,-64.83333333333333,96.01666666666668,0.0,0.0,-64.83333333333333,96.01666666666668,Stationary,Persistence,168.0,0.0
c24,2026-05-28,-64.83333333333333,96.01666666666668,0.0,0.0,-64.83333333333333,96.01666666666668,Stationary,Persistence,168.0,0.0
c24,2026-06-04,-64.83333333333333,96.01666666666668,0.0,0.0,-64.83333333333333,96.01666666666668,Stationary,Persistence,168.0,0.0
c24,2026-06-13,-64.83333333333333,96.01666666666668,0.0,0.0,-64.83333333333333,96.01666666666668,Stationary,Persistence,216.0,0.0
c24,2026-06-21,-64.83333333333333,96.01666666666668,0.0,0.0,-64.83333333333333,96.01666666666668,Stationary,Persistence,192.0,0.0
c24,2026-06-28,-64.83333333333333,96.01666666666668,0.0,0.0,-64.83333333333333,96.01666666666668,Stationary,Persistence,168.0,0.0
c24,2026-07-05,-64.83333333333333,96.01666666666668,0.0,0.0,-64.83333333333333,96.01666666666668,Stationary,Persistence,168.0,0.0
c24,2026-07-12,-64.83333333333333,96.01666666666668,0.0,0.0,-64.83333333333333,96.01666666666668,Stationary,Persistence,168.0,0.0
c24,2026-07-19,-64.83333333333333,96.01666666666668,0.0,0.0,-64.83333333333333,96.01666666666668,Stationary,Persistence,168.0,0.0
c24,2026-07-22,-64.83333333333333,96.01666666666668,0.0,0.0,-64.83333333333333,96.01666666666668,Stationary,Persistence,72.0,0.0
c24,2026-07-30,-64.83333333333333,96.01666666666668,0.0,0.0,-64.83333333333333,96.01666666666668,Stationary,Persistence,192.0,0.0
c24,2026-08-09,-64.83333333333333,96.01666666666668,0.0,0.0,-64.83333333333333,96.01666666666668,Stationary,Persistence,240.0,0.0
c24,2026-08-16,-64.83333333333333,96.01666666666668,0.0,0.0,-64.83333333333333,96.01666666666668,Stationary,Persistence,168.0,0.0
c35,2021-05-04,-67.65,148.21666666666667,0.0,0.0,-67.65,148.21666666666667,Stationary,Persistence,312.0,14626.551286979979
c35,2021-05-11,-67.55,148.0,0.0,0.0,-67.55,148.0,Slow-moving,Persistence,168.0,17655.199532612376
c35,2021-05-23,-67.4,147.88333333333333,0.0,0.0,-67.4,147.88333333333333,Slow-moving,Persistence,288.0,0.0
c35,2021-05-28,-67.4,147.88333333333333,0.0,0.0,-67.4,147.88333333333333,Stationary,Persistence,120.0,4342.81871635614
c35,2021-06-08,-67.36666666666666,147.93333333333334,0.0,0.0,-67.36666666666666,147.93333333333334,Slow-moving,Persistence,264.0,2015.395451872201
c35,2021-06-17,-67.35,147.91666666666666,0.0,0.0,-67.35,147.91666666666666,Stationary,Persistence,216.0,1880.7020748714767
c35,2021-06-22,-67.33333333333333,147.91666666666666,0.0,0.0,-67.33333333333333,147.91666666666666,Stationary,Persistence,120.0,6920.168633969278
c35,2021-06-28,-67.3,147.78333333333333,0.0,0.0,-67.3,147.78333333333333,Slow-moving,Persistence,144.0,4089.8358025889465
c35,2021-07-06,-67.31666666666666,147.86666666666667,0.0,0.0,-67.31666666666666,147.86666666666667,Stationary,Persistence,192.0,6797.438792364986
c35,2021-07-16,-67.33333333333333,147.71666666666667,0.0,0.0,-67.33333333333333,147.71666666666667,Stationary,Persistence,240.0,6797.438792364986
c35,2021-08-15,-67.31666666666666,147.86666666666667,0.0,0.0,-67.31666666666666,147.86666666666667,Stationary,Persistence,720.0,0.0
c35,2021-09-02,-67.31666666666666,147.86666666666667,0.0,0.0,-67.31666666666666,147.86666666666667,Stationary,Persistence,432.0,5421.080831759371
c35,2021-09-12,-67.3,147.98333333333332,0.0,0.0,-67.3,147.98333333333332,Stationary,Persistence,240.0,0.0
c35,2021-10-06,-67.3,147.98333333333332,0.0,0.0,-67.3,147.98333333333332,Stationary,Persistence,576.0,3762.1442036948497
c35,2021-10-19,-67.26666666666667,147.98333333333332,0.0,0.0,-67.26666666666667,147.98333333333332,Stationary,Persistence,312.0,0.0
c35,2021-11-10,-67.26666666666667,147.98333333333332,0.0,0.0,-67.26666666666667,147.98333333333332,Stationary,Persistence,528.0,8219.821612176456
c35,2026-04-30,-66.21666666666667,142.95,0.0,0.0,-66.21666666666667,142.95,Stationary,Persistence,192.0,1524.47148010745
c35,2026-05-07,-66.21666666666667,142.98333333333332,0.0,0.0,-66.21666666666667,142.98333333333332,Stationary,Persistence,168.0,0.0
c35,2026-05-14,-66.21666666666667,142.98333333333332,0.0,0.0,-66.21666666666667,142.98333333333332,Stationary,Persistence,168.0,0.0
c35,2026-05-21,-66.21666666666667,142.98333333333332,0.0,0.0,-66.21666666666667,142.98333333333332,Stationary,Persistence,168.0,0.0
c35,2026-05-28,-66.21666666666667,142.98333333333332,0.0,0.0,-66.21666666666667,142.98333333333332,Stationary,Persistence,168.0,0.0
c35,2026-06-04,-66.21666666666667,142.98333333333332,0.0,0.0,-66.21666666666667,142.98333333333332,Stationary,Persistence,168.0,0.0
c35,2026-06-13,-66.21666666666667,142.98333333333332,0.0,0.0,-66.21666666666667,142.98333333333332,Stationary,Persistence,216.0,2427.0430249673254
c35,2026-06-21,-66.2,142.95,0.0,0.0,-66.2,142.95,Stationary,Persistence,192.0,2427.043024967128
c35,2026-06-28,-66.21666666666667,142.91666666666666,0.0,0.0,-66.21666666666667,142.91666666666666,Stationary,Persistence,168.0,2036.2396667887544
c35,2026-07-05,-66.2,142.93333333333334,0.0,0.0,-66.2,142.93333333333334,Stationary,Persistence,168.0,0.0
c35,2026-07-12,-66.2,142.93333333333334,0.0,0.0,-66.2,142.93333333333334,Stationary,Persistence,168.0,6107.791856236682
c35,2026-07-19,-66.25,142.98333333333332,0.0,0.0,-66.25,142.98333333333332,Slow-moving,Persistence,168.0,1522.274792531159
c35,2026-07-22,-66.25,143.01666666666668,0.0,0.0,-66.25,143.01666666666668,Stationary,Persistence,72.0,1522.274792531159
c35,2026-07-30,-66.25,142.98333333333332,0.0,0.0,-66.25,142.98333333333332,Stationary,Persistence,192.0,2035.6220054009643
c35,2026-08-09,-66.23333333333333,142.96666666666667,0.0,0.0,-66.23333333333333,142.96666666666667,Stationary,Persistence,240.0,2035.9307357410694
c35,2026-08-16,-66.21666666666667,142.95,0.0,0.0,-66.21666666666667,142.95,Stationary,Persistence,168.0,0.0
d27,2021-04-12,-68.03333333333333,74.91666666666667,0.0,0.0,-68.03333333333333,74.91666666666667,Slow-moving,Persistence,288.0,99316.92202071415
d27,2021-04-21,-67.75,72.7,1565.4312622091738,49139.85914801048,-67.60321043301155,71.61965692722227,Moving,Physics B,216.0,112136.64818249928
d27,2021-05-04,-66.83333333333333,70.0,57169.25137708426,138381.55045112208,-65.9204805310128,67.61409984994316,Moving,Physics B,312.0,169718.03295103105
d27,2021-05-11,-66.76666666666667,64.53333333333333,-31561.484487996007,81114.68287896035,-66.69722741521613,62.59471230365907,Moving,Physics B,168.0,34439.03451340051
d27,2021-05-23,-66.58333333333333,61.88333333333333,-39676.03098150667,130945.77928333671,-66.31678691950805,58.935128261001566,Moving,Physics B,288.0,36808.87727206266
d27,2021-05-28,-66.61666666666666,59.25,-17009.716833384136,28013.888571973544,-66.6174304090629,58.520773369137444,Moving,Physics B,120.0,24606.25543594974
d27,2021-06-08,-66.4,58.516666666666666,5533.014823479562,60195.33458262797,-66.07688013241989,57.46370878445218,Moving,Physics B,264.0,70651.85982814491
d27,2021-06-17,-65.68333333333334,56.28333333333333,5319.878940004583,71518.36902779568,-65.28968588040239,55.09477832000644,Moving,Physics B,216.0,119377.71977559569
d27,2021-06-22,-65.55,52.65,-32019.151270378756,54267.22633751115,-65.4778548913391,51.32426499015623,Moving,Physics B,120.0,42346.19294235235
d27,2021-06-28,-65.83333333333333,51.05,-57371.26933662342,30473.871213770086,-66.05189649543928,49.752334938919496,Moving,Physics B,144.0,27619.57639729552
d27,2021-07-06,-66.03333333333333,50.35,-34296.344183718415,9372.951581967867,-66.21215800577104,49.713800098183484,Moving,Physics B,192.0,28123.092875712264
d27,2021-07-16,-66.1,49.166666666666664,-34157.69828524198,30411.790804258897,-66.14913511251227,48.17802621648593,Moving,Physics B,240.0,60264.615282279665
d27,2021-08-15,-66.35,49.4,-29095.15802467747,-53607.354689627966,-66.85282903438048,49.889422312633634,Moving,Physics B,720.0,213170.72669972645
d27,2021-09-02,-66.81666666666666,45.1,-68493.53625195828,41583.99533554361,-66.9756680598387,43.340881548518844,Moving,Physics B,432.0,48850.389596458735
d27,2021-09-12,-67.25,44.2,-24027.202953002707,-2893.438063694809,-67.41641110951282,43.84931315661522,Moving,Physics B,240.0,17422.09822046882
d27,2021-10-06,-67.4,43.45,-57689.902407684734,16218.723462050175,-67.64232709621912,42.21429286525125,Moving,Physics B,576.0,102635.71547657857
d27,2021-10-19,-68.11666666666666,40.15,-57711.50853143657,11231.709824321732,-68.36617986099513,38.91244495904733,Moving,Physics B,312.0,79277.96316433967
d27,2021-11-10,-68.25,37.03333333333333,-125235.09796729503,77415.39875908982,-68.33099381004686,33.504456421725074,Moving,Physics B,528.0,72058.9060789492
d30b,2021-11-10,-70.85,-10.966666666666669,0.0,0.0,-70.85,-10.966666666666669,Slow-moving,Persistence,528.0,161992.54586067266
d30b,2026-05-26,-60.583333333333336,-45.716666666666676,0.0,0.0,-60.583333333333336,-45.716666666666676,Stationary,Persistence,120.0,0.0
d30b,2026-06-04,-60.583333333333336,-45.716666666666676,0.0,0.0,-60.583333333333336,-45.716666666666676,Stationary,Persistence,216.0,0.0
d30b,2026-06-13,-60.583333333333336,-45.716666666666676,0.0,0.0,-60.583333333333336,-45.716666666666676,Stationary,Persistence,216.0,0.0
d30b,2026-06-20,-60.583333333333336,-45.716666666666676,0.0,0.0,-60.583333333333336,-45.716666666666676,Stationary,Persistence,168.0,0.0
d30b,2026-06-28,-60.583333333333336,-45.716666666666676,0.0,0.0,-60.583333333333336,-45.716666666666676,Stationary,Persistence,192.0,1930.9073277509858
d30b,2026-07-04,-60.56666666666667,-45.716666666666676,0.0,0.0,-60.56666666666667,-45.716666666666676,Stationary,Persistence,144.0,0.0
d30b,2026-07-12,-60.56666666666667,-45.716666666666676,0.0,0.0,-60.56666666666667,-45.716666666666676,Stationary,Persistence,192.0,0.0
d30b,2026-07-19,-60.56666666666667,-45.716666666666676,0.0,0.0,-60.56666666666667,-45.716666666666676,Stationary,Persistence,168.0,0.0
d30b,2026-07-22,-60.56666666666667,-45.716666666666676,0.0,0.0,-60.56666666666667,-45.716666666666676,Stationary,Persistence,72.0,0.0
d30b,2026-07-28,-60.56666666666667,-45.716666666666676,0.0,0.0,-60.56666666666667,-45.716666666666676,Stationary,Persistence,144.0,0.0
d30b,2026-08-07,-60.56666666666667,-45.716666666666676,0.0,0.0,-60.56666666666667,-45.716666666666676,Stationary,Persistence,240.0,0.0
d30b,2026-08-16,-60.56666666666667,-45.716666666666676,0.0,0.0,-60.56666666666667,-45.716666666666676,Stationary,Persistence,216.0,0.0
